timestamp,asset_tag,vibration_mm_s,bearing_temp_c,motor_current_a,pressure_bar,breakdown_flag
2026-08-31 13:54:23.956882,BFP-01,2.15,65.9,156.6,94.4,0
2026-08-31 14:54:23.956882,BFP-01,1.96,59.9,161.7,101.2,0
2026-08-31 15:54:23.956882,BFP-01,2.19,61.0,151.8,102.5,0
2026-08-31 16:54:23.956882,BFP-01,2.46,67.2,137.0,105.7,0
2026-08-31 17:54:23.956882,BFP-01,1.93,65.5,154.0,107.9,0
2026-08-31 18:54:23.956882,BFP-01,1.93,64.4,143.5,94.9,0
2026-08-31 19:54:23.956882,BFP-01,2.47,65.1,144.7,95.9,0
2026-08-31 20:54:23.956882,BFP-01,2.23,66.0,155.9,93.7,0
2026-08-31 21:54:23.956882,BFP-01,1.86,63.4,162.4,98.8,0
2026-08-31 22:54:23.956882,BFP-01,2.16,62.7,150.2,102.3,0
2026-08-31 23:54:23.956882,BFP-01,1.86,65.6,153.1,104.9,0
2026-09-01 00:54:23.956882,BFP-01,1.86,62.1,167.0,99.6,0
2026-09-01 01:54:23.956882,BFP-01,2.07,66.2,152.4,98.4,0
2026-09-01 02:54:23.956882,BFP-01,1.43,59.9,176.0,100.8,0
2026-09-01 03:54:23.956882,BFP-01,1.48,68.1,155.7,95.8,0
2026-09-01 04:54:23.956882,BFP-01,1.83,66.4,132.4,110.4,0
2026-09-01 05:54:23.956882,BFP-01,1.7,65.8,157.5,92.0,0
2026-09-01 06:54:23.956882,BFP-01,2.09,67.9,153.8,100.9,0
2026-09-01 07:54:23.956882,BFP-01,1.73,70.0,162.9,110.1,0
2026-09-01 08:54:23.956882,BFP-01,1.58,68.0,156.7,100.0,0
2026-09-01 09:54:23.956882,BFP-01,2.44,59.5,148.6,99.0,0
2026-09-01 10:54:23.956882,BFP-01,1.93,61.2,137.8,98.2,0
2026-09-01 11:54:23.956882,BFP-01,2.02,63.1,147.9,99.1,0
2026-09-01 12:54:23.956882,BFP-01,1.57,65.1,141.5,106.9,0
2026-09-01 13:54:23.956882,BFP-01,1.84,66.6,144.2,88.9,0
2026-09-01 14:54:23.956882,BFP-01,2.03,62.8,155.9,107.7,0
2026-09-01 15:54:23.956882,BFP-01,1.65,65.6,166.7,92.9,0
2026-09-01 16:54:23.956882,BFP-01,2.11,62.7,153.9,98.7,0
2026-09-01 17:54:23.956882,BFP-01,1.82,63.2,138.0,97.9,0
2026-09-01 18:54:23.956882,BFP-01,1.91,60.8,154.4,102.9,0
2026-09-01 19:54:23.956882,BFP-01,1.82,62.2,162.0,92.0,0
2026-09-01 20:54:23.956882,BFP-01,2.56,60.9,143.9,102.3,0
2026-09-01 21:54:23.956882,BFP-01,2.0,62.1,148.7,110.1,0
2026-09-01 22:54:23.956882,BFP-01,1.68,68.2,150.1,93.2,0
2026-09-01 23:54:23.956882,BFP-01,2.25,62.2,142.2,100.9,0
2026-09-02 00:54:23.956882,BFP-01,1.63,72.9,156.5,96.7,0
2026-09-02 01:54:23.956882,BFP-01,2.06,66.5,148.8,102.1,0
2026-09-02 02:54:23.956882,BFP-01,1.41,65.6,154.2,100.1,0
2026-09-02 03:54:23.956882,BFP-01,1.6,62.4,141.1,96.8,0
2026-09-02 04:54:23.956882,BFP-01,2.06,67.1,145.6,102.4,0
2026-09-02 05:54:23.956882,BFP-01,2.22,63.3,157.2,109.0,0
2026-09-02 06:54:23.956882,BFP-01,2.05,65.4,146.3,99.0,0
2026-09-02 07:54:23.956882,BFP-01,1.97,72.7,167.3,103.6,0
2026-09-02 08:54:23.956882,BFP-01,1.91,64.7,146.0,93.5,0
2026-09-02 09:54:23.956882,BFP-01,1.56,68.4,152.2,95.2,0
2026-09-02 10:54:23.956882,BFP-01,1.78,62.9,159.3,102.4,0
2026-09-02 11:54:23.956882,BFP-01,1.86,64.9,135.8,107.4,0
2026-09-02 12:54:23.956882,BFP-01,2.32,70.3,132.4,101.8,0
2026-09-02 13:54:23.956882,BFP-01,2.1,63.1,134.7,98.4,0
2026-09-02 14:54:23.956882,BFP-01,1.47,70.4,162.6,100.0,0
2026-09-02 15:54:23.956882,BFP-01,2.1,67.1,144.5,93.7,0
2026-09-02 16:54:23.956882,BFP-01,1.88,63.3,175.6,103.0,0
2026-09-02 17:54:23.956882,BFP-01,1.8,66.9,144.4,104.4,0
2026-09-02 18:54:23.956882,BFP-01,2.18,67.9,151.8,97.7,0
2026-09-02 19:54:23.956882,BFP-01,2.31,66.9,165.4,97.6,0
2026-09-02 20:54:23.956882,BFP-01,2.28,60.3,170.1,101.3,0
2026-09-02 21:54:23.956882,BFP-01,1.75,62.8,170.6,97.8,0
2026-09-02 22:54:23.956882,BFP-01,1.91,64.3,162.1,99.7,0
2026-09-02 23:54:23.956882,BFP-01,2.1,64.8,160.2,110.5,0
2026-09-03 00:54:23.956882,BFP-01,2.29,66.9,155.9,98.8,0
2026-09-03 01:54:23.956882,BFP-01,1.86,65.5,157.8,98.2,0
2026-09-03 02:54:23.956882,BFP-01,1.94,61.0,144.5,96.8,0
2026-09-03 03:54:23.956882,BFP-01,1.67,66.1,141.8,103.7,0
2026-09-03 04:54:23.956882,BFP-01,1.64,66.8,150.0,99.1,0
2026-09-03 05:54:23.956882,BFP-01,2.24,66.7,148.3,96.8,0
2026-09-03 06:54:23.956882,BFP-01,2.41,68.2,145.5,106.6,0
2026-09-03 07:54:23.956882,BFP-01,1.98,67.5,157.0,107.1,0
2026-09-03 08:54:23.956882,BFP-01,2.3,66.4,159.6,97.0,0
2026-09-03 09:54:23.956882,BFP-01,2.11,64.8,150.9,90.7,0
2026-09-03 10:54:23.956882,BFP-01,1.81,60.0,164.8,105.0,0
2026-09-03 11:54:23.956882,BFP-01,2.11,66.3,138.6,96.6,0
2026-09-03 12:54:23.956882,BFP-01,2.46,65.6,148.1,104.0,0
2026-09-03 13:54:23.956882,BFP-01,1.99,65.8,142.8,90.1,0
2026-09-03 14:54:23.956882,BFP-01,2.47,61.2,131.3,104.5,0
2026-09-03 15:54:23.956882,BFP-01,1.21,61.8,149.2,93.9,0
2026-09-03 16:54:23.956882,BFP-01,2.25,68.2,148.8,103.7,0
2026-09-03 17:54:23.956882,BFP-01,2.03,64.9,165.1,100.1,0
2026-09-03 18:54:23.956882,BFP-01,1.91,67.0,156.3,95.2,0
2026-09-03 19:54:23.956882,BFP-01,2.03,65.1,139.8,98.0,0
2026-09-03 20:54:23.956882,BFP-01,1.4,65.1,168.5,103.4,0
2026-09-03 21:54:23.956882,BFP-01,1.93,67.8,162.2,100.5,0
2026-09-03 22:54:23.956882,BFP-01,2.11,63.5,155.8,102.9,0
2026-09-03 23:54:23.956882,BFP-01,2.44,65.3,147.7,109.9,0
2026-09-04 00:54:23.956882,BFP-01,1.84,63.6,140.4,92.2,0
2026-09-04 01:54:23.956882,BFP-01,1.76,63.7,146.3,108.1,0
2026-09-04 02:54:23.956882,BFP-01,1.85,64.1,160.9,100.5,0
2026-09-04 03:54:23.956882,BFP-01,2.27,65.7,168.8,95.5,0
2026-09-04 04:54:23.956882,BFP-01,2.1,63.6,165.4,93.3,0
2026-09-04 05:54:23.956882,BFP-01,1.84,68.8,145.1,99.1,0
2026-09-04 06:54:23.956882,BFP-01,2.15,62.3,138.8,104.6,0
2026-09-04 07:54:23.956882,BFP-01,2.03,64.4,151.4,99.4,0
2026-09-04 08:54:23.956882,BFP-01,2.29,63.7,132.3,107.6,0
2026-09-04 09:54:23.956882,BFP-01,1.79,69.3,153.2,92.7,0
2026-09-04 10:54:23.956882,BFP-01,1.9,65.6,148.5,99.9,0
2026-09-04 11:54:23.956882,BFP-01,1.88,68.1,145.3,93.7,0
2026-09-04 12:54:23.956882,BFP-01,1.56,60.5,134.1,101.8,0
2026-09-04 13:54:23.956882,BFP-01,2.09,65.8,155.1,104.4,0
2026-09-04 14:54:23.956882,BFP-01,2.08,67.7,144.7,97.9,0
2026-09-04 15:54:23.956882,BFP-01,2.0,65.2,138.3,87.0,0
2026-09-04 16:54:23.956882,BFP-01,1.93,68.2,121.3,101.0,0
2026-09-04 17:54:23.956882,BFP-01,1.58,63.4,149.7,102.2,0
2026-09-04 18:54:23.956882,BFP-01,1.87,69.2,167.7,102.0,0
2026-09-04 19:54:23.956882,BFP-01,1.9,71.9,166.6,106.2,0
2026-09-04 20:54:23.956882,BFP-01,1.76,63.9,145.4,94.6,0
2026-09-04 21:54:23.956882,BFP-01,1.95,63.7,144.0,103.4,0
2026-09-04 22:54:23.956882,BFP-01,2.12,69.4,154.7,106.0,0
2026-09-04 23:54:23.956882,BFP-01,2.57,69.7,140.0,91.1,0
2026-09-05 00:54:23.956882,BFP-01,2.05,63.4,153.0,101.6,0
2026-09-05 01:54:23.956882,BFP-01,2.08,63.7,157.7,97.5,0
2026-09-05 02:54:23.956882,BFP-01,1.98,64.2,162.3,99.6,0
2026-09-05 03:54:23.956882,BFP-01,1.42,61.0,149.0,101.7,0
2026-09-05 04:54:23.956882,BFP-01,1.99,62.2,148.0,97.6,0
2026-09-05 05:54:23.956882,BFP-01,2.02,62.0,141.2,96.6,0
2026-09-05 06:54:23.956882,BFP-01,2.74,62.7,141.7,100.2,0
2026-09-05 07:54:23.956882,BFP-01,1.94,64.9,147.7,94.6,0
2026-09-05 08:54:23.956882,BFP-01,2.09,65.7,153.7,94.6,0
2026-09-05 09:54:23.956882,BFP-01,1.99,69.7,159.1,103.4,0
2026-09-05 10:54:23.956882,BFP-01,1.65,62.0,142.0,94.3,0
2026-09-05 11:54:23.956882,BFP-01,2.34,68.0,164.9,103.3,0
2026-09-05 12:54:23.956882,BFP-01,2.23,64.4,147.3,102.3,0
2026-09-05 13:54:23.956882,BFP-01,2.24,64.9,149.8,91.4,0
2026-09-05 14:54:23.956882,BFP-01,1.73,67.0,142.5,96.6,0
2026-09-05 15:54:23.956882,BFP-01,2.42,61.6,125.8,106.0,0
2026-09-05 16:54:23.956882,BFP-01,1.58,66.1,158.8,95.1,0
2026-09-05 17:54:23.956882,BFP-01,2.18,65.5,157.4,97.7,0
2026-09-05 18:54:23.956882,BFP-01,2.66,66.5,147.2,102.3,0
2026-09-05 19:54:23.956882,BFP-01,1.7,65.9,150.7,103.9,0
2026-09-05 20:54:23.956882,BFP-01,1.83,72.4,155.2,98.7,0
2026-09-05 21:54:23.956882,BFP-01,2.03,63.1,134.4,97.0,0
2026-09-05 22:54:23.956882,BFP-01,1.85,63.4,144.7,107.1,0
2026-09-05 23:54:23.956882,BFP-01,1.53,63.1,157.9,108.7,0
2026-09-06 00:54:23.956882,BFP-01,2.02,63.3,137.5,104.9,0
2026-09-06 01:54:23.956882,BFP-01,1.68,63.1,152.9,100.4,0
2026-09-06 02:54:23.956882,BFP-01,2.14,68.6,136.4,96.0,0
2026-09-06 03:54:23.956882,BFP-01,1.72,69.3,154.7,95.8,0
2026-09-06 04:54:23.956882,BFP-01,2.46,63.3,149.6,102.6,0
2026-09-06 05:54:23.956882,BFP-01,1.77,62.5,133.8,102.1,0
2026-09-06 06:54:23.956882,BFP-01,1.9,66.4,161.6,107.0,0
2026-09-06 07:54:23.956882,BFP-01,2.24,63.3,142.7,103.3,0
2026-09-06 08:54:23.956882,BFP-01,1.63,66.9,141.9,92.5,0
2026-09-06 09:54:23.956882,BFP-01,2.07,65.6,152.0,105.3,0
2026-09-06 10:54:23.956882,BFP-01,2.39,60.5,161.5,95.0,0
2026-09-06 11:54:23.956882,BFP-01,1.52,69.6,139.8,98.1,0
2026-09-06 12:54:23.956882,BFP-01,2.06,70.4,150.6,101.3,0
2026-09-06 13:54:23.956882,BFP-01,2.08,63.2,154.3,110.0,0
2026-09-06 14:54:23.956882,BFP-01,2.23,63.8,156.9,115.5,0
2026-09-06 15:54:23.956882,BFP-01,1.63,65.9,151.8,103.0,0
2026-09-06 16:54:23.956882,BFP-01,1.6,66.0,146.3,99.1,0
2026-09-06 17:54:23.956882,BFP-01,2.16,67.0,141.7,102.7,0
2026-09-06 18:54:23.956882,BFP-01,2.09,71.0,150.9,104.4,0
2026-09-06 19:54:23.956882,BFP-01,2.08,64.5,139.3,98.4,0
2026-09-06 20:54:23.956882,BFP-01,2.1,62.6,120.8,109.0,0
2026-09-06 21:54:23.956882,BFP-01,1.8,60.9,154.4,101.2,0
2026-09-06 22:54:23.956882,BFP-01,2.07,62.8,159.0,102.5,0
2026-09-06 23:54:23.956882,BFP-01,2.09,64.9,126.4,103.3,0
2026-09-07 00:54:23.956882,BFP-01,1.79,70.4,139.9,102.1,0
2026-09-07 01:54:23.956882,BFP-01,2.56,63.4,156.2,104.2,0
2026-09-07 02:54:23.956882,BFP-01,2.14,65.7,170.6,96.9,0
2026-09-07 03:54:23.956882,BFP-01,1.64,65.0,150.2,97.2,0
2026-09-07 04:54:23.956882,BFP-01,2.2,68.6,142.7,94.5,0
2026-09-07 05:54:23.956882,BFP-01,1.71,72.6,148.2,102.2,0
2026-09-07 06:54:23.956882,BFP-01,2.24,63.4,163.7,103.9,0
2026-09-07 07:54:23.956882,BFP-01,2.35,63.5,143.5,102.3,0
2026-09-07 08:54:23.956882,BFP-01,1.75,68.1,142.0,108.4,0
2026-09-07 09:54:23.956882,BFP-01,2.29,67.0,145.2,100.0,0
2026-09-07 10:54:23.956882,BFP-01,2.12,70.5,140.5,103.3,0
2026-09-07 11:54:23.956882,BFP-01,2.25,66.8,151.2,94.5,0
2026-09-07 12:54:23.956882,BFP-01,2.57,63.9,166.2,98.1,0
2026-09-07 13:54:23.956882,BFP-01,1.93,66.8,153.2,103.5,0
2026-09-07 14:54:23.956882,BFP-01,1.77,68.3,147.5,104.2,0
2026-09-07 15:54:23.956882,BFP-01,1.73,67.5,147.1,98.5,0
2026-09-07 16:54:23.956882,BFP-01,1.76,66.5,134.4,99.6,0
2026-09-07 17:54:23.956882,BFP-01,1.98,68.2,158.8,92.4,0
2026-09-07 18:54:23.956882,BFP-01,2.1,68.5,149.2,98.2,0
2026-09-07 19:54:23.956882,BFP-01,2.08,69.1,148.2,104.5,0
2026-09-07 20:54:23.956882,BFP-01,2.25,66.9,181.9,102.9,0
2026-09-07 21:54:23.956882,BFP-01,2.0,64.5,153.0,102.5,0
2026-09-07 22:54:23.956882,BFP-01,2.44,65.4,142.5,100.2,0
2026-09-07 23:54:23.956882,BFP-01,1.92,68.6,145.7,100.0,0
2026-09-08 00:54:23.956882,BFP-01,2.82,62.5,161.5,96.7,0
2026-09-08 01:54:23.956882,BFP-01,2.19,66.1,151.1,103.5,0
2026-09-08 02:54:23.956882,BFP-01,1.74,63.8,135.6,102.1,0
2026-09-08 03:54:23.956882,BFP-01,1.68,65.1,159.2,102.5,0
2026-09-08 04:54:23.956882,BFP-01,2.14,68.8,143.3,97.4,0
2026-09-08 05:54:23.956882,BFP-01,1.93,65.6,168.7,89.2,0
2026-09-08 06:54:23.956882,BFP-01,2.21,65.1,160.8,105.5,0
2026-09-08 07:54:23.956882,BFP-01,2.14,60.9,145.5,97.6,0
2026-09-08 08:54:23.956882,BFP-01,1.98,67.2,162.8,95.7,0
2026-09-08 09:54:23.956882,BFP-01,1.75,66.9,150.7,103.5,0
2026-09-08 10:54:23.956882,BFP-01,1.55,71.5,158.5,98.0,0
2026-09-08 11:54:23.956882,BFP-01,1.87,64.1,154.8,105.3,0
2026-09-08 12:54:23.956882,BFP-01,2.26,65.7,141.5,103.1,0
2026-09-08 13:54:23.956882,BFP-01,2.06,65.7,143.6,103.4,0
2026-09-08 14:54:23.956882,BFP-01,1.63,69.7,160.3,93.2,0
2026-09-08 15:54:23.956882,BFP-01,2.05,64.7,146.7,106.1,0
2026-09-08 16:54:23.956882,BFP-01,2.12,65.8,146.0,101.3,0
2026-09-08 17:54:23.956882,BFP-01,1.73,66.8,140.4,98.2,0
2026-09-08 18:54:23.956882,BFP-01,2.05,65.6,154.2,100.7,0
2026-09-08 19:54:23.956882,BFP-01,2.02,63.7,170.6,91.1,0
2026-09-08 20:54:23.956882,BFP-01,1.66,65.6,139.3,102.0,0
2026-09-08 21:54:23.956882,BFP-01,2.11,68.2,150.2,94.9,0
2026-09-08 22:54:23.956882,BFP-01,2.17,61.9,164.1,93.2,0
2026-09-08 23:54:23.956882,BFP-01,2.32,65.4,149.2,92.4,0
2026-09-09 00:54:23.956882,BFP-01,2.32,62.9,154.5,105.6,0
2026-09-09 01:54:23.956882,BFP-01,1.59,68.6,139.4,96.9,0
2026-09-09 02:54:23.956882,BFP-01,1.72,60.4,154.3,107.7,0
2026-09-09 03:54:23.956882,BFP-01,2.15,63.3,148.1,97.3,0
2026-09-09 04:54:23.956882,BFP-01,2.15,66.1,159.9,91.5,0
2026-09-09 05:54:23.956882,BFP-01,2.15,69.7,161.9,94.4,0
2026-09-09 06:54:23.956882,BFP-01,3.16,64.8,175.9,106.2,0
2026-09-09 07:54:23.956882,BFP-01,2.17,63.3,155.8,99.2,0
2026-09-09 08:54:23.956882,BFP-01,2.34,70.6,153.3,97.3,0
2026-09-09 09:54:23.956882,BFP-01,2.29,60.7,151.9,100.8,0
2026-09-09 10:54:23.956882,BFP-01,2.2,58.4,146.5,102.5,0
2026-09-09 11:54:23.956882,BFP-01,1.91,66.3,153.4,105.6,0
2026-09-09 12:54:23.956882,BFP-01,2.23,63.5,147.0,107.2,0
2026-09-09 13:54:23.956882,BFP-01,1.77,61.9,151.7,98.2,0
2026-09-09 14:54:23.956882,BFP-01,1.93,67.1,163.2,93.4,0
2026-09-09 15:54:23.956882,BFP-01,1.85,65.7,139.9,97.9,0
2026-09-09 16:54:23.956882,BFP-01,2.02,63.3,161.4,101.3,0
2026-09-09 17:54:23.956882,BFP-01,2.69,61.2,163.2,95.2,0
2026-09-09 18:54:23.956882,BFP-01,1.44,67.6,148.8,95.2,0
2026-09-09 19:54:23.956882,BFP-01,2.21,67.0,128.8,101.7,0
2026-09-09 20:54:23.956882,BFP-01,1.52,64.7,143.9,99.8,0
2026-09-09 21:54:23.956882,BFP-01,1.86,70.5,163.0,100.2,0
2026-09-09 22:54:23.956882,BFP-01,2.33,61.8,149.8,96.2,0
2026-09-09 23:54:23.956882,BFP-01,2.02,60.4,140.0,98.8,0
2026-09-10 00:54:23.956882,BFP-01,1.68,62.9,145.0,95.4,0
2026-09-10 01:54:23.956882,BFP-01,1.79,64.9,158.4,104.5,0
2026-09-10 02:54:23.956882,BFP-01,2.2,65.7,155.5,105.2,0
2026-09-10 03:54:23.956882,BFP-01,1.78,64.3,147.6,90.8,0
2026-09-10 04:54:23.956882,BFP-01,2.06,66.1,146.3,95.4,0
2026-09-10 05:54:23.956882,BFP-01,2.01,61.2,146.1,92.5,0
2026-09-10 06:54:23.956882,BFP-01,1.8,69.3,140.8,96.7,0
2026-09-10 07:54:23.956882,BFP-01,2.64,64.8,166.2,99.6,0
2026-09-10 08:54:23.956882,BFP-01,2.19,68.4,146.8,92.8,0
2026-09-10 09:54:23.956882,BFP-01,1.39,66.0,162.2,95.4,0
2026-09-10 10:54:23.956882,BFP-01,2.06,66.4,165.2,95.0,0
2026-09-10 11:54:23.956882,BFP-01,1.8,66.7,160.0,101.0,0
2026-09-10 12:54:23.956882,BFP-01,2.26,66.3,145.7,100.3,0
2026-09-10 13:54:23.956882,BFP-01,1.76,66.9,154.0,96.4,0
2026-09-10 14:54:23.956882,BFP-01,1.97,69.0,149.8,100.9,0
2026-09-10 15:54:23.956882,BFP-01,2.15,65.6,141.0,97.3,0
2026-09-10 16:54:23.956882,BFP-01,2.26,67.1,153.2,98.6,0
2026-09-10 17:54:23.956882,BFP-01,1.64,64.7,138.2,108.4,0
2026-09-10 18:54:23.956882,BFP-01,1.9,69.3,161.9,106.7,0
2026-09-10 19:54:23.956882,BFP-01,1.86,63.0,145.4,93.5,0
2026-09-10 20:54:23.956882,BFP-01,1.8,70.4,152.0,104.1,0
2026-09-10 21:54:23.956882,BFP-01,2.53,64.9,152.8,104.1,0
2026-09-10 22:54:23.956882,BFP-01,2.12,60.7,147.4,94.3,0
2026-09-10 23:54:23.956882,BFP-01,1.62,65.4,155.9,104.1,0
2026-09-11 00:54:23.956882,BFP-01,2.28,63.0,145.3,107.7,0
2026-09-11 01:54:23.956882,BFP-01,2.64,67.5,158.7,94.4,0
2026-09-11 02:54:23.956882,BFP-01,2.31,63.0,136.5,95.4,0
2026-09-11 03:54:23.956882,BFP-01,1.54,63.7,151.3,105.1,0
2026-09-11 04:54:23.956882,BFP-01,1.85,59.3,169.4,101.4,0
2026-09-11 05:54:23.956882,BFP-01,2.38,63.6,140.0,102.8,0
2026-09-11 06:54:23.956882,BFP-01,1.79,57.7,143.2,101.7,0
2026-09-11 07:54:23.956882,BFP-01,2.13,60.2,155.1,102.0,0
2026-09-11 08:54:23.956882,BFP-01,2.23,67.3,151.8,93.4,0
2026-09-11 09:54:23.956882,BFP-01,1.72,67.4,153.5,105.2,0
2026-09-11 10:54:23.956882,BFP-01,1.98,66.3,154.9,105.8,0
2026-09-11 11:54:23.956882,BFP-01,1.03,62.1,156.3,98.9,0
2026-09-11 12:54:23.956882,BFP-01,1.69,64.9,161.1,99.8,0
2026-09-11 13:54:23.956882,BFP-01,1.92,65.0,154.1,92.3,0
2026-09-11 14:54:23.956882,BFP-01,1.63,61.5,147.6,102.6,0
2026-09-11 15:54:23.956882,BFP-01,2.49,69.5,156.7,102.9,0
2026-09-11 16:54:23.956882,BFP-01,1.57,67.6,169.0,99.7,0
2026-09-11 17:54:23.956882,BFP-01,1.87,64.3,148.7,105.6,0
2026-09-11 18:54:23.956882,BFP-01,2.04,65.1,140.3,98.3,0
2026-09-11 19:54:23.956882,BFP-01,2.43,65.6,161.1,102.8,0
2026-09-11 20:54:23.956882,BFP-01,1.57,58.9,148.8,94.9,0
2026-09-11 21:54:23.956882,BFP-01,2.35,64.3,128.3,99.9,0
2026-09-11 22:54:23.956882,BFP-01,2.0,63.0,158.5,99.1,0
2026-09-11 23:54:23.956882,BFP-01,1.71,62.0,144.6,101.1,0
2026-09-12 00:54:23.956882,BFP-01,2.14,64.2,149.1,98.2,0
2026-09-12 01:54:23.956882,BFP-01,2.06,70.4,153.3,99.3,0
2026-09-12 02:54:23.956882,BFP-01,1.82,66.9,151.9,104.1,0
2026-09-12 03:54:23.956882,BFP-01,2.02,63.3,157.1,97.8,0
2026-09-12 04:54:23.956882,BFP-01,1.88,66.7,145.6,92.0,0
2026-09-12 05:54:23.956882,BFP-01,2.03,69.2,155.1,108.7,0
2026-09-12 06:54:23.956882,BFP-01,2.2,67.8,147.4,106.9,0
2026-09-12 07:54:23.956882,BFP-01,2.48,65.2,157.4,93.5,0
2026-09-12 08:54:23.956882,BFP-01,1.63,63.1,156.2,103.4,0
2026-09-12 09:54:23.956882,BFP-01,2.64,67.1,140.6,97.5,0
2026-09-12 10:54:23.956882,BFP-01,1.41,66.2,160.9,101.3,0
2026-09-12 11:54:23.956882,BFP-01,1.95,67.7,144.6,101.5,0
2026-09-12 12:54:23.956882,BFP-01,2.18,66.9,158.1,98.8,0
2026-09-12 13:54:23.956882,BFP-01,2.08,68.1,153.7,96.1,0
2026-09-12 14:54:23.956882,BFP-01,1.81,63.4,168.4,96.5,0
2026-09-12 15:54:23.956882,BFP-01,1.94,69.0,147.8,95.4,0
2026-09-12 16:54:23.956882,BFP-01,1.85,65.6,146.5,95.8,0
2026-09-12 17:54:23.956882,BFP-01,1.82,71.2,149.8,99.7,0
2026-09-12 18:54:23.956882,BFP-01,2.25,62.9,147.0,96.4,0
2026-09-12 19:54:23.956882,BFP-01,2.11,70.2,158.0,103.4,0
2026-09-12 20:54:23.956882,BFP-01,1.79,65.6,133.8,107.4,0
2026-09-12 21:54:23.956882,BFP-01,2.27,63.0,139.5,97.1,0
2026-09-12 22:54:23.956882,BFP-01,2.09,63.5,139.3,101.2,0
2026-09-12 23:54:23.956882,BFP-01,2.24,64.0,159.5,102.5,0
2026-09-13 00:54:23.956882,BFP-01,2.19,66.3,167.1,102.4,0
2026-09-13 01:54:23.956882,BFP-01,1.75,66.6,149.0,100.4,0
2026-09-13 02:54:23.956882,BFP-01,1.83,63.3,148.3,103.7,0
2026-09-13 03:54:23.956882,BFP-01,2.22,64.9,150.7,102.4,0
2026-09-13 04:54:23.956882,BFP-01,2.18,71.4,161.6,93.8,0
2026-09-13 05:54:23.956882,BFP-01,1.99,70.2,140.7,104.3,0
2026-09-13 06:54:23.956882,BFP-01,2.04,66.3,152.4,104.4,0
2026-09-13 07:54:23.956882,BFP-01,2.38,65.1,159.8,96.2,0
2026-09-13 08:54:23.956882,BFP-01,1.82,65.4,155.0,100.2,0
2026-09-13 09:54:23.956882,BFP-01,2.16,66.8,151.9,103.4,0
2026-09-13 10:54:23.956882,BFP-01,1.94,61.9,160.0,99.0,0
2026-09-13 11:54:23.956882,BFP-01,1.93,64.2,123.0,105.4,0
2026-09-13 12:54:23.956882,BFP-01,2.33,60.0,156.8,111.8,0
2026-09-13 13:54:23.956882,BFP-01,2.25,66.2,143.5,96.1,0
2026-09-13 14:54:23.956882,BFP-01,2.24,66.9,131.7,93.1,0
2026-09-13 15:54:23.956882,BFP-01,2.39,63.6,155.1,101.5,0
2026-09-13 16:54:23.956882,BFP-01,2.01,69.7,163.7,103.6,0
2026-09-13 17:54:23.956882,BFP-01,2.2,61.3,148.6,98.8,0
2026-09-13 18:54:23.956882,BFP-01,1.91,60.6,159.5,107.3,0
2026-09-13 19:54:23.956882,BFP-01,2.1,65.7,166.1,93.3,0
2026-09-13 20:54:23.956882,BFP-01,1.96,68.1,163.1,103.5,0
2026-09-13 21:54:23.956882,BFP-01,2.03,70.1,166.4,97.0,0
2026-09-13 22:54:23.956882,BFP-01,2.18,63.6,157.4,108.6,0
2026-09-13 23:54:23.956882,BFP-01,1.75,68.2,150.8,110.0,0
2026-09-14 00:54:23.956882,BFP-01,2.63,64.9,134.0,96.2,0
2026-09-14 01:54:23.956882,BFP-01,1.7,64.5,147.5,97.3,0
2026-09-14 02:54:23.956882,BFP-01,1.64,67.7,141.6,104.3,0
2026-09-14 03:54:23.956882,BFP-01,2.35,67.0,171.7,98.1,0
2026-09-14 04:54:23.956882,BFP-01,2.24,60.3,148.2,99.8,0
2026-09-14 05:54:23.956882,BFP-01,2.19,69.4,151.2,100.1,0
2026-09-14 06:54:23.956882,BFP-01,2.19,69.1,155.5,90.4,0
2026-09-14 07:54:23.956882,BFP-01,2.0,63.1,150.4,99.9,0
2026-09-14 08:54:23.956882,BFP-01,1.73,66.2,167.0,96.6,0
2026-09-14 09:54:23.956882,BFP-01,2.02,66.5,143.8,97.5,0
2026-09-14 10:54:23.956882,BFP-01,1.8,65.8,151.9,107.2,0
2026-09-14 11:54:23.956882,BFP-01,2.29,63.3,142.6,93.7,0
2026-09-14 12:54:23.956882,BFP-01,1.96,63.0,136.8,104.1,0
2026-09-14 13:54:23.956882,BFP-01,1.75,64.9,143.9,98.6,0
2026-09-14 14:54:23.956882,BFP-01,1.9,68.5,149.6,98.6,0
2026-09-14 15:54:23.956882,BFP-01,2.12,66.6,145.7,104.0,0
2026-09-14 16:54:23.956882,BFP-01,1.83,63.9,143.1,101.7,0
2026-09-14 17:54:23.956882,BFP-01,1.75,67.3,135.9,102.9,0
2026-09-14 18:54:23.956882,BFP-01,2.07,56.5,149.2,104.8,0
2026-09-14 19:54:23.956882,BFP-01,2.07,68.4,135.0,98.3,0
2026-09-14 20:54:23.956882,BFP-01,1.85,59.8,157.6,96.9,0
2026-09-14 21:54:23.956882,BFP-01,1.86,63.9,150.8,94.6,0
2026-09-14 22:54:23.956882,BFP-01,2.07,61.6,135.4,95.9,0
2026-09-14 23:54:23.956882,BFP-01,1.57,61.1,146.9,114.7,0
2026-09-15 00:54:23.956882,BFP-01,1.58,68.5,142.5,106.2,0
2026-09-15 01:54:23.956882,BFP-01,1.78,63.6,153.2,93.2,0
2026-09-15 02:54:23.956882,BFP-01,1.94,66.0,163.4,93.4,0
2026-09-15 03:54:23.956882,BFP-01,2.09,64.9,131.2,102.4,0
2026-09-15 04:54:23.956882,BFP-01,2.44,66.4,151.2,102.7,0
2026-09-15 05:54:23.956882,BFP-01,2.26,65.2,148.4,102.7,0
2026-09-15 06:54:23.956882,BFP-01,1.95,61.2,156.7,98.7,0
2026-09-15 07:54:23.956882,BFP-01,1.99,68.0,152.1,99.4,0
2026-09-15 08:54:23.956882,BFP-01,1.7,63.5,142.5,101.6,0
2026-09-15 09:54:23.956882,BFP-01,1.99,60.3,146.8,100.4,0
2026-09-15 10:54:23.956882,BFP-01,1.91,63.7,142.0,88.9,0
2026-09-15 11:54:23.956882,BFP-01,2.1,69.5,160.8,98.9,0
2026-09-15 12:54:23.956882,BFP-01,1.75,67.6,150.2,95.7,0
2026-09-15 13:54:23.956882,BFP-01,2.16,64.0,169.0,100.9,0
2026-09-15 14:54:23.956882,BFP-01,2.46,64.0,149.4,114.9,0
2026-09-15 15:54:23.956882,BFP-01,1.97,64.0,142.9,101.8,0
2026-09-15 16:54:23.956882,BFP-01,2.12,71.2,134.9,98.4,0
2026-09-15 17:54:23.956882,BFP-01,2.21,66.1,132.0,104.6,0
2026-09-15 18:54:23.956882,BFP-01,1.88,66.3,134.2,102.4,0
2026-09-15 19:54:23.956882,BFP-01,2.07,68.1,152.7,102.1,0
2026-09-15 20:54:23.956882,BFP-01,2.0,65.7,155.1,103.0,0
2026-09-15 21:54:23.956882,BFP-01,2.03,64.2,134.2,110.3,0
2026-09-15 22:54:23.956882,BFP-01,1.77,64.4,159.0,94.3,0
2026-09-15 23:54:23.956882,BFP-01,2.01,64.8,145.2,102.4,0
2026-09-16 00:54:23.956882,BFP-01,2.15,64.9,151.5,95.4,0
2026-09-16 01:54:23.956882,BFP-01,2.44,67.2,166.1,102.8,0
2026-09-16 02:54:23.956882,BFP-01,2.29,65.2,159.0,95.4,0
2026-09-16 03:54:23.956882,BFP-01,2.65,67.2,147.3,97.9,0
2026-09-16 04:54:23.956882,BFP-01,1.77,64.8,141.1,98.5,0
2026-09-16 05:54:23.956882,BFP-01,2.26,65.2,128.5,104.9,0
2026-09-16 06:54:23.956882,BFP-01,2.06,59.0,142.8,104.6,0
2026-09-16 07:54:23.956882,BFP-01,2.66,67.7,147.9,93.8,0
2026-09-16 08:54:23.956882,BFP-01,1.76,66.0,140.1,100.3,0
2026-09-16 09:54:23.956882,BFP-01,1.75,68.0,148.7,96.5,0
2026-09-16 10:54:23.956882,BFP-01,1.82,56.3,150.8,93.7,0
2026-09-16 11:54:23.956882,BFP-01,1.36,71.3,147.8,98.9,0
2026-09-16 12:54:23.956882,BFP-01,1.84,64.6,143.5,98.5,0
2026-09-16 13:54:23.956882,BFP-01,1.77,68.3,151.7,112.1,0
2026-09-16 14:54:23.956882,BFP-01,2.05,61.9,154.4,102.2,0
2026-09-16 15:54:23.956882,BFP-01,2.1,66.8,139.1,93.1,0
2026-09-16 16:54:23.956882,BFP-01,2.56,61.8,164.1,97.2,0
2026-09-16 17:54:23.956882,BFP-01,2.29,63.1,149.0,105.1,0
2026-09-16 18:54:23.956882,BFP-01,1.83,70.7,150.2,110.4,0
2026-09-16 19:54:23.956882,BFP-01,1.73,64.4,157.1,92.1,0
2026-09-16 20:54:23.956882,BFP-01,2.15,65.7,152.3,90.6,0
2026-09-16 21:54:23.956882,BFP-01,1.6,67.6,159.5,109.4,0
2026-09-16 22:54:23.956882,BFP-01,2.55,66.5,152.9,101.9,0
2026-09-16 23:54:23.956882,BFP-01,2.35,65.5,143.9,95.7,0
2026-09-17 00:54:23.956882,BFP-01,1.86,66.1,153.6,102.7,0
2026-09-17 01:54:23.956882,BFP-01,1.49,72.2,138.6,86.8,0
2026-09-17 02:54:23.956882,BFP-01,2.41,64.8,151.1,100.0,0
2026-09-17 03:54:23.956882,BFP-01,1.97,65.6,149.7,101.6,0
2026-09-17 04:54:23.956882,BFP-01,2.37,68.2,147.9,104.6,0
2026-09-17 05:54:23.956882,BFP-01,1.52,68.3,148.7,94.9,0
2026-09-17 06:54:23.956882,BFP-01,1.82,68.6,131.2,100.4,0
2026-09-17 07:54:23.956882,BFP-01,2.0,66.9,144.5,95.4,0
2026-09-17 08:54:23.956882,BFP-01,2.01,61.6,150.9,101.3,0
2026-09-17 09:54:23.956882,BFP-01,1.86,69.9,151.6,95.5,0
2026-09-17 10:54:23.956882,BFP-01,2.19,61.6,139.7,98.0,0
2026-09-17 11:54:23.956882,BFP-01,1.68,65.9,162.7,95.0,0
2026-09-17 12:54:23.956882,BFP-01,1.96,62.7,141.3,103.3,0
2026-09-17 13:54:23.956882,BFP-01,2.04,64.8,159.7,104.3,0
2026-09-17 14:54:23.956882,BFP-01,2.15,66.0,154.3,98.8,0
2026-09-17 15:54:23.956882,BFP-01,2.21,66.0,143.5,100.2,0
2026-09-17 16:54:23.956882,BFP-01,1.66,66.3,167.8,92.8,0
2026-09-17 17:54:23.956882,BFP-01,1.54,69.8,138.1,98.5,0
2026-09-17 18:54:23.956882,BFP-01,2.38,66.4,159.2,99.7,0
2026-09-17 19:54:23.956882,BFP-01,2.1,64.3,160.0,113.1,0
2026-09-17 20:54:23.956882,BFP-01,1.78,67.9,143.3,94.4,0
2026-09-17 21:54:23.956882,BFP-01,2.47,68.6,163.9,107.3,0
2026-09-17 22:54:23.956882,BFP-01,2.03,61.3,147.5,105.0,0
2026-09-17 23:54:23.956882,BFP-01,2.35,66.8,152.9,101.4,0
2026-09-18 00:54:23.956882,BFP-01,2.02,67.1,152.6,108.8,0
2026-09-18 01:54:23.956882,BFP-01,2.62,64.1,148.7,101.9,0
2026-09-18 02:54:23.956882,BFP-01,2.53,69.1,158.1,101.9,0
2026-09-18 03:54:23.956882,BFP-01,1.93,64.5,157.9,99.7,0
2026-09-18 04:54:23.956882,BFP-01,2.29,65.4,132.5,106.1,0
2026-09-18 05:54:23.956882,BFP-01,2.19,64.5,163.0,105.5,0
2026-09-18 06:54:23.956882,BFP-01,2.41,65.0,133.4,96.9,0
2026-09-18 07:54:23.956882,BFP-01,1.71,61.7,160.3,93.4,0
2026-09-18 08:54:23.956882,BFP-01,2.21,60.7,161.3,99.0,0
2026-09-18 09:54:23.956882,BFP-01,2.32,69.8,139.1,96.0,0
2026-09-18 10:54:23.956882,BFP-01,1.47,62.5,145.9,99.7,0
2026-09-18 11:54:23.956882,BFP-01,1.65,62.0,138.9,106.2,0
2026-09-18 12:54:23.956882,BFP-01,1.39,58.5,147.9,97.7,0
2026-09-18 13:54:23.956882,BFP-01,1.92,63.1,146.9,99.8,0
2026-09-18 14:54:23.956882,BFP-01,2.22,61.0,157.8,100.3,0
2026-09-18 15:54:23.956882,BFP-01,2.45,69.9,163.1,104.2,0
2026-09-18 16:54:23.956882,BFP-01,2.02,68.0,164.0,88.8,0
2026-09-18 17:54:23.956882,BFP-01,2.49,62.9,144.4,97.0,0
2026-09-18 18:54:23.956882,BFP-01,1.59,71.8,147.9,101.1,0
2026-09-18 19:54:23.956882,BFP-01,1.49,67.9,133.2,106.0,0
2026-09-18 20:54:23.956882,BFP-01,1.98,64.0,141.9,97.5,0
2026-09-18 21:54:23.956882,BFP-01,2.12,57.5,159.6,90.6,0
2026-09-18 22:54:23.956882,BFP-01,1.99,71.9,166.2,103.1,0
2026-09-18 23:54:23.956882,BFP-01,1.38,60.8,137.7,96.8,0
2026-09-19 00:54:23.956882,BFP-01,1.97,60.1,144.1,94.1,0
2026-09-19 01:54:23.956882,BFP-01,1.61,68.1,149.7,96.9,0
2026-09-19 02:54:23.956882,BFP-01,2.2,72.3,152.8,99.1,0
2026-09-19 03:54:23.956882,BFP-01,2.11,69.2,141.9,97.0,0
2026-09-19 04:54:23.956882,BFP-01,1.72,66.7,154.2,89.0,0
2026-09-19 05:54:23.956882,BFP-01,1.85,66.8,145.3,104.5,0
2026-09-19 06:54:23.956882,BFP-01,1.68,67.6,149.9,106.4,0
2026-09-19 07:54:23.956882,BFP-01,1.98,67.3,155.5,103.3,0
2026-09-19 08:54:23.956882,BFP-01,2.29,65.8,150.1,94.3,0
2026-09-19 09:54:23.956882,BFP-01,1.7,65.3,145.6,99.0,0
2026-09-19 10:54:23.956882,BFP-01,2.15,64.8,148.9,100.0,0
2026-09-19 11:54:23.956882,BFP-01,1.84,62.7,149.1,103.0,0
2026-09-19 12:54:23.956882,BFP-01,1.76,64.2,146.3,103.3,0
2026-09-19 13:54:23.956882,BFP-01,1.97,59.9,147.4,96.3,0
2026-09-19 14:54:23.956882,BFP-01,1.69,64.7,166.0,100.4,0
2026-09-19 15:54:23.956882,BFP-01,1.83,62.0,155.6,102.3,0
2026-09-19 16:54:23.956882,BFP-01,1.64,61.7,147.0,107.3,0
2026-09-19 17:54:23.956882,BFP-01,2.59,65.5,157.0,103.5,0
2026-09-19 18:54:23.956882,BFP-01,2.01,69.2,146.7,103.9,0
2026-09-19 19:54:23.956882,BFP-01,1.79,67.8,161.7,100.4,0
2026-09-19 20:54:23.956882,BFP-01,2.06,60.3,153.7,107.1,0
2026-09-19 21:54:23.956882,BFP-01,1.97,62.0,148.9,102.0,0
2026-09-19 22:54:23.956882,BFP-01,1.93,67.8,154.5,95.7,0
2026-09-19 23:54:23.956882,BFP-01,2.18,62.1,134.3,107.0,0
2026-09-20 00:54:23.956882,BFP-01,2.23,64.3,138.7,103.5,0
2026-09-20 01:54:23.956882,BFP-01,1.84,66.7,138.1,97.8,0
2026-09-20 02:54:23.956882,BFP-01,1.83,62.1,151.4,97.6,0
2026-09-20 03:54:23.956882,BFP-01,1.92,65.3,167.3,101.5,0
2026-09-20 04:54:23.956882,BFP-01,1.31,61.0,172.3,102.3,0
2026-09-20 05:54:23.956882,BFP-01,1.55,63.2,156.4,101.0,0
2026-09-20 06:54:23.956882,BFP-01,2.41,66.0,155.0,101.6,0
2026-09-20 07:54:23.956882,BFP-01,2.49,60.2,132.0,108.5,0
2026-09-20 08:54:23.956882,BFP-01,1.93,66.3,144.6,105.4,0
2026-09-20 09:54:23.956882,BFP-01,2.17,64.9,142.1,101.0,0
2026-09-20 10:54:23.956882,BFP-01,2.09,66.7,143.8,104.7,0
2026-09-20 11:54:23.956882,BFP-01,2.92,65.7,148.3,94.8,0
2026-09-20 12:54:23.956882,BFP-01,2.34,69.1,145.3,102.0,0
2026-09-20 13:54:23.956882,BFP-01,1.96,65.4,130.2,109.0,0
2026-09-20 14:54:23.956882,BFP-01,1.71,63.7,157.5,98.9,0
2026-09-20 15:54:23.956882,BFP-01,1.52,65.4,139.3,95.8,0
2026-09-20 16:54:23.956882,BFP-01,2.06,66.6,152.4,96.7,0
2026-09-20 17:54:23.956882,BFP-01,1.77,65.1,170.7,94.6,0
2026-09-20 18:54:23.956882,BFP-01,1.57,65.1,140.8,96.1,0
2026-09-20 19:54:23.956882,BFP-01,1.81,62.9,124.7,98.1,0
2026-09-20 20:54:23.956882,BFP-01,1.68,63.0,147.1,93.0,0
2026-09-20 21:54:23.956882,BFP-01,2.51,60.8,161.0,100.1,0
2026-09-20 22:54:23.956882,BFP-01,2.26,70.2,169.6,104.5,0
2026-09-20 23:54:23.956882,BFP-01,2.0,61.3,137.7,95.5,0
2026-09-21 00:54:23.956882,BFP-01,2.44,62.9,155.0,107.6,0
2026-09-21 01:54:23.956882,BFP-01,2.02,62.8,145.3,102.6,0
2026-09-21 02:54:23.956882,BFP-01,1.74,67.7,148.9,105.2,0
2026-09-21 03:54:23.956882,BFP-01,2.46,64.1,176.4,96.7,0
2026-09-21 04:54:23.956882,BFP-01,2.16,68.7,135.0,104.3,0
2026-09-21 05:54:23.956882,BFP-01,1.69,63.0,152.5,94.5,0
2026-09-21 06:54:23.956882,BFP-01,1.94,65.8,154.7,104.5,0
2026-09-21 07:54:23.956882,BFP-01,1.74,62.5,160.9,100.9,0
2026-09-21 08:54:23.956882,BFP-01,1.59,71.4,151.0,102.8,0
2026-09-21 09:54:23.956882,BFP-01,2.28,61.4,153.1,94.1,0
2026-09-21 10:54:23.956882,BFP-01,2.57,65.9,146.1,95.5,0
2026-09-21 11:54:23.956882,BFP-01,1.58,66.9,152.7,103.0,0
2026-09-21 12:54:23.956882,BFP-01,2.17,66.2,146.6,95.3,0
2026-09-21 13:54:23.956882,BFP-01,1.8,64.4,156.2,102.3,0
2026-09-21 14:54:23.956882,BFP-01,1.85,64.6,146.3,93.2,0
2026-09-21 15:54:23.956882,BFP-01,1.82,65.1,153.8,104.2,0
2026-09-21 16:54:23.956882,BFP-01,1.74,64.6,149.7,93.8,0
2026-09-21 17:54:23.956882,BFP-01,2.01,67.9,161.3,102.8,0
2026-09-21 18:54:23.956882,BFP-01,1.75,71.6,149.5,103.1,0
2026-09-21 19:54:23.956882,BFP-01,2.08,63.3,132.3,96.5,0
2026-09-21 20:54:23.956882,BFP-01,1.98,60.9,162.6,102.9,0
2026-09-21 21:54:23.956882,BFP-01,1.93,64.7,140.9,101.3,0
2026-09-21 22:54:23.956882,BFP-01,1.73,72.7,143.5,97.3,0
2026-09-21 23:54:23.956882,BFP-01,1.83,62.6,144.0,95.0,0
2026-09-22 00:54:23.956882,BFP-01,2.23,69.9,163.7,90.2,0
2026-09-22 01:54:23.956882,BFP-01,2.15,70.0,128.6,101.7,0
2026-09-22 02:54:23.956882,BFP-01,1.71,63.3,181.4,92.2,0
2026-09-22 03:54:23.956882,BFP-01,2.03,66.7,160.6,100.5,0
2026-09-22 04:54:23.956882,BFP-01,2.23,69.9,152.2,98.7,0
2026-09-22 05:54:23.956882,BFP-01,1.5,63.9,149.5,103.4,0
2026-09-22 06:54:23.956882,BFP-01,2.16,64.4,152.9,98.5,0
2026-09-22 07:54:23.956882,BFP-01,1.8,63.3,155.2,98.4,0
2026-09-22 08:54:23.956882,BFP-01,2.17,62.0,156.5,103.7,0
2026-09-22 09:54:23.956882,BFP-01,1.77,63.1,155.6,101.7,0
2026-09-22 10:54:23.956882,BFP-01,1.46,61.3,150.9,101.6,0
2026-09-22 11:54:23.956882,BFP-01,1.51,65.1,148.0,102.3,0
2026-09-22 12:54:23.956882,BFP-01,2.01,62.7,148.5,92.3,0
2026-09-22 13:54:23.956882,BFP-01,2.08,65.7,148.1,103.8,0
2026-09-22 14:54:23.956882,BFP-01,1.73,60.3,161.3,103.1,0
2026-09-22 15:54:23.956882,BFP-01,2.19,66.0,155.9,94.9,0
2026-09-22 16:54:23.956882,BFP-01,1.5,67.5,120.6,98.8,0
2026-09-22 17:54:23.956882,BFP-01,1.98,59.0,156.6,99.8,0
2026-09-22 18:54:23.956882,BFP-01,1.64,66.1,151.9,99.3,0
2026-09-22 19:54:23.956882,BFP-01,1.8,68.7,149.8,101.7,0
2026-09-22 20:54:23.956882,BFP-01,2.01,61.4,146.1,107.2,0
2026-09-22 21:54:23.956882,BFP-01,1.74,70.0,161.2,105.4,0
2026-09-22 22:54:23.956882,BFP-01,1.88,66.3,159.5,93.4,0
2026-09-22 23:54:23.956882,BFP-01,2.3,62.9,142.3,103.1,0
2026-09-23 00:54:23.956882,BFP-01,1.83,64.8,154.1,106.6,0
2026-09-23 01:54:23.956882,BFP-01,2.25,66.7,140.3,101.9,0
2026-09-23 02:54:23.956882,BFP-01,1.66,65.2,136.2,105.5,0
2026-09-23 03:54:23.956882,BFP-01,2.16,66.6,143.7,110.1,0
2026-09-23 04:54:23.956882,BFP-01,2.43,62.2,158.6,105.1,0
2026-09-23 05:54:23.956882,BFP-01,1.26,65.5,159.5,101.2,0
2026-09-23 06:54:23.956882,BFP-01,1.76,60.8,155.1,105.2,0
2026-09-23 07:54:23.956882,BFP-01,2.17,64.7,157.3,100.7,0
2026-09-23 08:54:23.956882,BFP-01,1.94,62.3,155.2,100.1,0
2026-09-23 09:54:23.956882,BFP-01,2.11,62.8,143.6,98.2,0
2026-09-23 10:54:23.956882,BFP-01,1.82,68.7,154.3,107.8,0
2026-09-23 11:54:23.956882,BFP-01,2.03,68.3,158.0,95.9,0
2026-09-23 12:54:23.956882,BFP-01,1.95,66.8,157.5,107.7,0
2026-09-23 13:54:23.956882,BFP-01,2.35,61.7,161.9,102.5,0
2026-09-23 14:54:23.956882,BFP-01,2.08,64.1,157.1,93.0,0
2026-09-23 15:54:23.956882,BFP-01,2.1,68.6,153.5,101.8,0
2026-09-23 16:54:23.956882,BFP-01,1.88,65.4,160.7,89.5,0
2026-09-23 17:54:23.956882,BFP-01,1.85,72.0,149.7,103.1,0
2026-09-23 18:54:23.956882,BFP-01,1.87,66.2,141.2,104.4,0
2026-09-23 19:54:23.956882,BFP-01,2.12,65.6,148.4,97.0,0
2026-09-23 20:54:23.956882,BFP-01,1.87,64.1,142.6,100.6,0
2026-09-23 21:54:23.956882,BFP-01,2.09,65.4,143.2,109.8,0
2026-09-23 22:54:23.956882,BFP-01,2.62,64.5,148.6,97.5,0
2026-09-23 23:54:23.956882,BFP-01,2.26,67.1,142.1,94.7,0
2026-09-24 00:54:23.956882,BFP-01,1.9,67.9,146.9,107.4,0
2026-09-24 01:54:23.956882,BFP-01,2.36,62.6,131.1,109.8,0
2026-09-24 02:54:23.956882,BFP-01,1.88,61.0,152.1,100.0,0
2026-09-24 03:54:23.956882,BFP-01,1.39,59.5,150.0,105.1,0
2026-09-24 04:54:23.956882,BFP-01,1.7,66.5,141.8,106.7,0
2026-09-24 05:54:23.956882,BFP-01,1.44,61.7,156.6,96.3,0
2026-09-24 06:54:23.956882,BFP-01,1.89,58.5,159.4,97.6,0
2026-09-24 07:54:23.956882,BFP-01,2.01,66.2,133.9,106.2,0
2026-09-24 08:54:23.956882,BFP-01,2.5,72.5,142.4,108.4,0
2026-09-24 09:54:23.956882,BFP-01,2.1,65.0,142.3,102.8,0
2026-09-24 10:54:23.956882,BFP-01,1.93,67.5,140.6,95.6,0
2026-09-24 11:54:23.956882,BFP-01,2.25,65.2,158.3,109.9,0
2026-09-24 12:54:23.956882,BFP-01,1.34,64.7,148.1,97.3,0
2026-09-24 13:54:23.956882,BFP-01,2.07,67.8,147.4,98.3,0
2026-09-24 14:54:23.956882,BFP-01,2.23,64.1,130.0,101.7,0
2026-09-24 15:54:23.956882,BFP-01,1.56,65.8,156.4,107.8,0
2026-09-24 16:54:23.956882,BFP-01,2.34,66.0,137.6,104.3,0
2026-09-24 17:54:23.956882,BFP-01,2.1,63.0,150.6,102.1,0
2026-09-24 18:54:23.956882,BFP-01,1.88,68.0,152.8,102.3,0
2026-09-24 19:54:23.956882,BFP-01,2.19,64.5,163.6,100.2,0
2026-09-24 20:54:23.956882,BFP-01,2.68,62.7,136.9,102.8,0
2026-09-24 21:54:23.956882,BFP-01,2.05,66.6,119.8,87.4,0
2026-09-24 22:54:23.956882,BFP-01,2.07,62.3,151.8,98.5,0
2026-09-24 23:54:23.956882,BFP-01,1.86,65.1,168.0,101.2,0
2026-09-25 00:54:23.956882,BFP-01,1.75,65.0,162.4,94.2,0
2026-09-25 01:54:23.956882,BFP-01,2.25,68.3,152.1,101.9,0
2026-09-25 02:54:23.956882,BFP-01,1.74,66.4,145.1,99.0,0
2026-09-25 03:54:23.956882,BFP-01,2.02,64.9,158.1,108.8,0
2026-09-25 04:54:23.956882,BFP-01,1.86,67.5,140.3,107.9,0
2026-09-25 05:54:23.956882,BFP-01,2.14,69.2,154.8,97.7,0
2026-09-25 06:54:23.956882,BFP-01,2.1,66.7,155.1,99.2,0
2026-09-25 07:54:23.956882,BFP-01,2.31,65.0,160.6,99.6,0
2026-09-25 08:54:23.956882,BFP-01,1.85,61.1,177.6,97.7,0
2026-09-25 09:54:23.956882,BFP-01,1.92,61.8,153.9,101.0,0
2026-09-25 10:54:23.956882,BFP-01,1.71,64.1,144.9,96.2,0
2026-09-25 11:54:23.956882,BFP-01,1.87,63.2,149.7,94.3,0
2026-09-25 12:54:23.956882,BFP-01,2.11,64.4,132.3,103.1,0
2026-09-25 13:54:23.956882,BFP-01,2.23,65.2,143.1,103.1,0
2026-09-25 14:54:23.956882,BFP-01,1.72,66.6,145.9,96.0,0
2026-09-25 15:54:23.956882,BFP-01,2.26,64.8,144.8,104.5,0
2026-09-25 16:54:23.956882,BFP-01,2.41,66.5,151.5,96.8,0
2026-09-25 17:54:23.956882,BFP-01,2.12,65.2,141.8,101.3,0
2026-09-25 18:54:23.956882,BFP-01,2.56,59.1,161.2,104.1,0
2026-09-25 19:54:23.956882,BFP-01,1.77,62.2,150.0,99.8,0
2026-09-25 20:54:23.956882,BFP-01,1.63,64.6,149.9,102.3,0
2026-09-25 21:54:23.956882,BFP-01,1.47,61.4,146.7,97.4,0
2026-09-25 22:54:23.956882,BFP-01,2.45,66.8,151.6,99.0,0
2026-09-25 23:54:23.956882,BFP-01,2.2,69.6,158.3,99.0,0
2026-09-26 00:54:23.956882,BFP-01,1.98,68.7,141.3,96.3,0
2026-09-26 01:54:23.956882,BFP-01,2.08,64.4,143.4,99.1,0
2026-09-26 02:54:23.956882,BFP-01,1.66,69.5,147.0,92.3,0
2026-09-26 03:54:23.956882,BFP-01,2.73,65.4,136.5,97.5,0
2026-09-26 04:54:23.956882,BFP-01,2.04,64.0,141.8,98.6,0
2026-09-26 05:54:23.956882,BFP-01,2.03,63.2,145.2,98.7,0
2026-09-26 06:54:23.956882,BFP-01,2.22,64.1,158.7,98.8,0
2026-09-26 07:54:23.956882,BFP-01,2.14,63.8,152.6,99.7,0
2026-09-26 08:54:23.956882,BFP-01,2.07,65.5,151.9,102.4,0
2026-09-26 09:54:23.956882,BFP-01,1.76,65.5,158.5,104.4,0
2026-09-26 10:54:23.956882,BFP-01,2.14,65.0,148.6,96.8,0
2026-09-26 11:54:23.956882,BFP-01,2.56,66.3,153.9,94.0,0
2026-09-26 12:54:23.956882,BFP-01,2.4,68.6,149.0,94.8,0
2026-09-26 13:54:23.956882,BFP-01,2.48,67.8,152.7,97.6,0
2026-09-26 14:54:23.956882,BFP-01,1.85,60.5,144.2,98.2,0
2026-09-26 15:54:23.956882,BFP-01,1.7,57.3,125.6,96.2,0
2026-09-26 16:54:23.956882,BFP-01,1.96,67.8,148.7,93.5,0
2026-09-26 17:54:23.956882,BFP-01,2.02,60.9,164.2,97.7,0
2026-09-26 18:54:23.956882,BFP-01,2.33,64.3,159.3,100.9,0
2026-09-26 19:54:23.956882,BFP-01,1.49,61.5,159.7,103.0,0
2026-09-26 20:54:23.956882,BFP-01,2.46,59.6,162.4,97.2,0
2026-09-26 21:54:23.956882,BFP-01,1.95,66.6,150.9,97.9,0
2026-09-26 22:54:23.956882,BFP-01,1.87,67.3,152.0,95.4,0
2026-09-26 23:54:23.956882,BFP-01,1.7,63.3,143.8,99.8,0
2026-09-27 00:54:23.956882,BFP-01,1.5,57.2,146.8,95.8,0
2026-09-27 01:54:23.956882,BFP-01,2.25,63.4,156.2,102.9,0
2026-09-27 02:54:23.956882,BFP-01,2.02,66.2,162.0,91.1,0
2026-09-27 03:54:23.956882,BFP-01,1.61,60.6,148.6,98.2,0
2026-09-27 04:54:23.956882,BFP-01,1.61,65.6,145.5,101.5,0
2026-09-27 05:54:23.956882,BFP-01,1.9,65.0,150.0,100.9,0
2026-09-27 06:54:23.956882,BFP-01,2.5,66.7,156.0,113.5,0
2026-09-27 07:54:23.956882,BFP-01,1.92,65.4,135.6,101.7,0
2026-09-27 08:54:23.956882,BFP-01,1.55,62.1,127.0,95.0,0
2026-09-27 09:54:23.956882,BFP-01,1.93,68.6,144.5,99.5,0
2026-09-27 10:54:23.956882,BFP-01,1.92,64.5,137.8,91.1,0
2026-09-27 11:54:23.956882,BFP-01,1.19,64.9,144.9,99.6,0
2026-09-27 12:54:23.956882,BFP-01,1.98,62.2,148.5,95.8,0
2026-09-27 13:54:23.956882,BFP-01,6.87,63.7,145.5,47.1,1
2026-09-27 14:54:23.956882,BFP-01,7.72,62.3,164.5,48.0,1
2026-09-27 15:54:23.956882,BFP-01,5.74,64.5,153.3,60.1,1
2026-09-27 16:54:23.956882,BFP-01,7.9,70.1,153.0,68.7,1
2026-09-27 17:54:23.956882,BFP-01,7.25,60.9,156.2,43.0,1
2026-09-27 18:54:23.956882,BFP-01,6.31,60.2,138.6,61.0,1
2026-09-27 19:54:23.956882,BFP-01,7.41,69.4,160.4,60.8,1
2026-09-27 20:54:23.956882,BFP-01,5.61,64.4,149.2,76.1,1
2026-09-27 21:54:23.956882,BFP-01,5.84,63.0,156.7,61.9,1
2026-09-27 22:54:23.956882,BFP-01,6.01,68.1,139.3,68.1,1
2026-09-27 23:54:23.956882,BFP-01,6.08,63.2,134.5,66.1,1
2026-09-28 00:54:23.956882,BFP-01,5.65,70.5,158.2,48.0,1
2026-09-28 01:54:23.956882,BFP-01,7.48,67.0,153.8,71.1,1
2026-09-28 02:54:23.956882,BFP-01,6.29,63.5,141.0,66.7,1
2026-09-28 03:54:23.956882,BFP-01,6.78,71.5,141.3,69.1,1
2026-09-28 04:54:23.956882,BFP-01,6.04,63.2,161.3,96.4,1
2026-09-28 05:54:23.956882,BFP-01,5.04,67.2,138.1,48.3,1
2026-09-28 06:54:23.956882,BFP-01,6.72,65.9,166.4,78.8,1
2026-09-28 07:54:23.956882,BFP-01,4.97,68.9,141.0,62.7,1
2026-09-28 08:54:23.956882,BFP-01,6.45,69.7,156.4,67.3,1
2026-09-28 09:54:23.956882,BFP-01,5.41,65.1,146.7,64.6,1
2026-09-28 10:54:23.956882,BFP-01,8.09,62.7,156.0,61.6,1
2026-09-28 11:54:23.956882,BFP-01,7.23,66.4,144.6,60.4,1
2026-09-28 12:54:23.956882,BFP-01,6.58,63.0,148.4,67.6,1
2026-09-28 13:54:23.956882,BFP-01,7.51,71.0,150.4,52.9,1
2026-09-28 14:54:23.956882,BFP-01,5.82,65.4,140.0,71.0,1
2026-09-28 15:54:23.956882,BFP-01,6.93,63.9,157.4,61.7,1
2026-09-28 16:54:23.956882,BFP-01,6.66,65.6,144.9,56.0,1
2026-09-28 17:54:23.956882,BFP-01,6.71,61.0,147.7,61.4,1
2026-09-28 18:54:23.956882,BFP-01,7.52,62.1,140.1,75.1,1
2026-09-28 19:54:23.956882,BFP-01,7.09,68.6,124.4,60.7,1
2026-09-28 20:54:23.956882,BFP-01,6.73,63.0,148.1,67.9,1
2026-09-28 21:54:23.956882,BFP-01,5.18,61.9,174.1,59.2,1
2026-09-28 22:54:23.956882,BFP-01,5.73,66.6,157.8,71.1,1
2026-09-28 23:54:23.956882,BFP-01,6.4,68.6,149.8,70.5,1
2026-09-29 00:54:23.956882,BFP-01,6.57,67.2,147.4,79.8,1
2026-09-29 01:54:23.956882,BFP-01,5.6,68.0,150.2,63.6,1
2026-09-29 02:54:23.956882,BFP-01,8.43,62.7,155.5,70.3,1
2026-09-29 03:54:23.956882,BFP-01,7.71,60.7,138.2,65.8,1
2026-09-29 04:54:23.956882,BFP-01,6.98,69.5,161.1,75.4,1
2026-09-29 05:54:23.956882,BFP-01,6.56,64.0,157.2,59.2,1
2026-09-29 06:54:23.956882,BFP-01,6.33,64.2,157.2,71.0,1
2026-09-29 07:54:23.956882,BFP-01,5.74,69.0,154.4,63.4,1
2026-09-29 08:54:23.956882,BFP-01,6.56,66.7,150.2,64.5,1
2026-09-29 09:54:23.956882,BFP-01,6.71,66.4,156.7,65.7,1
2026-09-29 10:54:23.956882,BFP-01,5.51,71.5,155.9,67.0,1
2026-09-29 11:54:23.956882,BFP-01,6.77,63.1,146.5,64.1,1
2026-09-29 12:54:23.956882,BFP-01,6.38,67.8,144.3,66.7,1
2026-09-29 13:54:23.956882,BFP-01,4.97,65.2,151.0,77.6,1
2026-09-29 14:54:23.956882,BFP-01,5.81,65.8,165.5,72.9,1
2026-09-29 15:54:23.956882,BFP-01,6.17,69.6,137.6,72.0,1
2026-09-29 16:54:23.956882,BFP-01,8.01,66.5,135.3,61.4,1
2026-09-29 17:54:23.956882,BFP-01,6.95,66.6,151.6,57.9,1
2026-09-29 18:54:23.956882,BFP-01,5.43,68.2,150.5,72.6,1
2026-09-29 19:54:23.956882,BFP-01,6.89,63.9,151.7,72.0,1
2026-09-29 20:54:23.956882,BFP-01,5.26,62.5,152.4,76.8,1
2026-09-29 21:54:23.956882,BFP-01,7.37,61.9,147.8,60.2,1
2026-09-29 22:54:23.956882,BFP-01,6.12,59.1,164.9,63.2,1
2026-09-29 23:54:23.956882,BFP-01,6.43,71.2,134.0,51.9,1
2026-09-30 00:54:23.956882,BFP-01,7.56,61.7,141.7,61.9,1
2026-09-30 01:54:23.956882,BFP-01,5.47,64.3,149.0,73.0,1
2026-09-30 02:54:23.956882,BFP-01,5.38,64.2,133.6,61.3,1
2026-09-30 03:54:23.956882,BFP-01,6.03,65.9,148.2,70.1,1
2026-09-30 04:54:23.956882,BFP-01,7.33,67.4,166.6,63.5,1
2026-09-30 05:54:23.956882,BFP-01,5.28,67.6,150.2,67.6,1
2026-09-30 06:54:23.956882,BFP-01,4.23,63.3,152.3,55.8,1
2026-09-30 07:54:23.956882,BFP-01,6.14,64.5,137.4,65.7,1
2026-09-30 08:54:23.956882,BFP-01,6.94,65.8,143.8,41.1,1
2026-09-30 09:54:23.956882,BFP-01,7.46,64.3,146.2,63.5,1
2026-09-30 10:54:23.956882,BFP-01,6.13,69.8,146.8,52.0,1
2026-09-30 11:54:23.956882,BFP-01,6.17,66.5,162.8,74.6,1
2026-09-30 12:54:23.956882,BFP-01,7.42,67.2,155.6,71.2,1
2026-08-31 13:54:23.956882,ST-01,1.44,62.0,144.2,105.2,0
2026-08-31 14:54:23.956882,ST-01,1.88,64.5,138.4,90.2,0
2026-08-31 15:54:23.956882,ST-01,2.06,58.5,158.5,98.2,0
2026-08-31 16:54:23.956882,ST-01,2.13,65.5,154.2,101.1,0
2026-08-31 17:54:23.956882,ST-01,1.85,69.3,151.1,95.4,0
2026-08-31 18:54:23.956882,ST-01,2.01,60.6,153.9,108.7,0
2026-08-31 19:54:23.956882,ST-01,1.25,63.2,153.2,96.8,0
2026-08-31 20:54:23.956882,ST-01,1.8,66.0,162.8,99.8,0
2026-08-31 21:54:23.956882,ST-01,2.14,68.8,162.9,102.8,0
2026-08-31 22:54:23.956882,ST-01,1.71,63.7,155.4,97.0,0
2026-08-31 23:54:23.956882,ST-01,2.02,62.9,158.5,90.8,0
2026-09-01 00:54:23.956882,ST-01,2.13,59.1,155.1,97.9,0
2026-09-01 01:54:23.956882,ST-01,1.9,65.3,145.4,105.1,0
2026-09-01 02:54:23.956882,ST-01,2.05,71.1,157.6,98.3,0
2026-09-01 03:54:23.956882,ST-01,1.71,65.8,136.1,95.8,0
2026-09-01 04:54:23.956882,ST-01,1.94,64.9,160.5,104.6,0
2026-09-01 05:54:23.956882,ST-01,2.18,66.0,138.1,98.3,0
2026-09-01 06:54:23.956882,ST-01,2.05,65.0,152.9,97.4,0
2026-09-01 07:54:23.956882,ST-01,1.82,62.6,141.5,100.7,0
2026-09-01 08:54:23.956882,ST-01,2.07,67.5,155.5,103.9,0
2026-09-01 09:54:23.956882,ST-01,2.21,65.7,149.7,111.9,0
2026-09-01 10:54:23.956882,ST-01,1.39,65.1,134.1,104.1,0
2026-09-01 11:54:23.956882,ST-01,2.35,62.1,154.2,105.8,0
2026-09-01 12:54:23.956882,ST-01,1.9,68.9,144.2,97.5,0
2026-09-01 13:54:23.956882,ST-01,2.13,67.0,158.8,94.9,0
2026-09-01 14:54:23.956882,ST-01,2.36,63.3,150.0,100.3,0
2026-09-01 15:54:23.956882,ST-01,1.59,68.0,154.0,100.5,0
2026-09-01 16:54:23.956882,ST-01,1.79,63.5,140.4,94.6,0
2026-09-01 17:54:23.956882,ST-01,1.91,62.7,144.1,99.1,0
2026-09-01 18:54:23.956882,ST-01,1.76,62.7,145.4,102.0,0
2026-09-01 19:54:23.956882,ST-01,2.52,59.7,158.6,101.8,0
2026-09-01 20:54:23.956882,ST-01,1.74,66.4,166.8,102.5,0
2026-09-01 21:54:23.956882,ST-01,1.83,59.5,141.9,101.5,0
2026-09-01 22:54:23.956882,ST-01,2.06,61.3,160.8,97.5,0
2026-09-01 23:54:23.956882,ST-01,1.64,58.8,128.3,97.4,0
2026-09-02 00:54:23.956882,ST-01,1.88,64.7,138.1,94.0,0
2026-09-02 01:54:23.956882,ST-01,2.1,64.5,140.4,108.9,0
2026-09-02 02:54:23.956882,ST-01,1.9,64.0,136.5,100.1,0
2026-09-02 03:54:23.956882,ST-01,1.97,61.9,134.2,98.9,0
2026-09-02 04:54:23.956882,ST-01,1.84,61.5,154.1,95.4,0
2026-09-02 05:54:23.956882,ST-01,1.55,66.4,147.9,114.7,0
2026-09-02 06:54:23.956882,ST-01,2.1,63.3,153.8,94.6,0
2026-09-02 07:54:23.956882,ST-01,2.53,65.9,156.9,97.9,0
2026-09-02 08:54:23.956882,ST-01,2.01,62.3,152.7,102.1,0
2026-09-02 09:54:23.956882,ST-01,2.07,65.5,156.6,103.0,0
2026-09-02 10:54:23.956882,ST-01,2.21,68.9,149.3,104.8,0
2026-09-02 11:54:23.956882,ST-01,1.62,66.8,138.1,109.0,0
2026-09-02 12:54:23.956882,ST-01,2.51,63.8,160.6,102.5,0
2026-09-02 13:54:23.956882,ST-01,2.06,65.8,144.1,94.7,0
2026-09-02 14:54:23.956882,ST-01,2.49,64.3,140.6,98.7,0
2026-09-02 15:54:23.956882,ST-01,1.78,65.0,148.2,101.5,0
2026-09-02 16:54:23.956882,ST-01,2.55,64.0,140.9,110.3,0
2026-09-02 17:54:23.956882,ST-01,2.23,64.5,145.8,93.0,0
2026-09-02 18:54:23.956882,ST-01,2.17,65.6,153.4,106.0,0
2026-09-02 19:54:23.956882,ST-01,2.07,62.0,153.5,100.9,0
2026-09-02 20:54:23.956882,ST-01,1.93,62.0,141.0,104.2,0
2026-09-02 21:54:23.956882,ST-01,2.36,60.8,145.1,99.5,0
2026-09-02 22:54:23.956882,ST-01,2.04,60.2,160.7,95.8,0
2026-09-02 23:54:23.956882,ST-01,1.41,61.3,155.0,103.8,0
2026-09-03 00:54:23.956882,ST-01,1.66,65.5,170.8,103.3,0
2026-09-03 01:54:23.956882,ST-01,1.94,62.3,161.8,104.9,0
2026-09-03 02:54:23.956882,ST-01,2.09,66.5,161.4,99.9,0
2026-09-03 03:54:23.956882,ST-01,1.98,65.1,136.1,97.0,0
2026-09-03 04:54:23.956882,ST-01,2.37,59.1,157.6,92.2,0
2026-09-03 05:54:23.956882,ST-01,1.41,67.0,149.5,104.1,0
2026-09-03 06:54:23.956882,ST-01,2.04,67.4,144.5,102.1,0
2026-09-03 07:54:23.956882,ST-01,1.45,62.0,151.7,95.2,0
2026-09-03 08:54:23.956882,ST-01,2.23,66.3,159.5,97.3,0
2026-09-03 09:54:23.956882,ST-01,1.97,62.4,155.0,97.7,0
2026-09-03 10:54:23.956882,ST-01,2.13,65.3,141.2,92.6,0
2026-09-03 11:54:23.956882,ST-01,1.74,61.2,157.4,95.9,0
2026-09-03 12:54:23.956882,ST-01,2.38,59.6,143.6,94.3,0
2026-09-03 13:54:23.956882,ST-01,2.31,63.9,152.2,97.9,0
2026-09-03 14:54:23.956882,ST-01,2.18,64.6,147.0,96.3,0
2026-09-03 15:54:23.956882,ST-01,1.96,63.8,147.8,91.9,0
2026-09-03 16:54:23.956882,ST-01,2.17,61.4,157.7,110.1,0
2026-09-03 17:54:23.956882,ST-01,1.79,63.8,139.6,106.3,0
2026-09-03 18:54:23.956882,ST-01,2.26,65.8,169.5,96.1,0
2026-09-03 19:54:23.956882,ST-01,2.49,64.9,131.8,101.4,0
2026-09-03 20:54:23.956882,ST-01,2.32,65.5,144.0,102.1,0
2026-09-03 21:54:23.956882,ST-01,1.78,63.0,153.7,106.0,0
2026-09-03 22:54:23.956882,ST-01,2.11,68.5,155.8,95.9,0
2026-09-03 23:54:23.956882,ST-01,1.61,61.5,149.0,105.5,0
2026-09-04 00:54:23.956882,ST-01,2.17,66.5,149.4,97.3,0
2026-09-04 01:54:23.956882,ST-01,2.14,68.5,154.1,93.3,0
2026-09-04 02:54:23.956882,ST-01,1.44,66.4,147.7,103.6,0
2026-09-04 03:54:23.956882,ST-01,1.65,64.4,163.9,106.5,0
2026-09-04 04:54:23.956882,ST-01,1.92,63.4,158.4,112.9,0
2026-09-04 05:54:23.956882,ST-01,1.91,68.1,158.7,94.0,0
2026-09-04 06:54:23.956882,ST-01,1.64,60.7,140.3,103.5,0
2026-09-04 07:54:23.956882,ST-01,2.12,62.1,149.2,98.0,0
2026-09-04 08:54:23.956882,ST-01,2.08,63.8,147.0,103.9,0
2026-09-04 09:54:23.956882,ST-01,1.94,68.7,139.9,92.6,0
2026-09-04 10:54:23.956882,ST-01,1.77,66.1,153.6,93.7,0
2026-09-04 11:54:23.956882,ST-01,2.31,62.1,144.6,96.1,0
2026-09-04 12:54:23.956882,ST-01,2.5,64.1,156.6,100.4,0
2026-09-04 13:54:23.956882,ST-01,1.85,63.2,139.3,96.8,0
2026-09-04 14:54:23.956882,ST-01,1.82,62.9,167.2,103.3,0
2026-09-04 15:54:23.956882,ST-01,2.15,67.9,141.0,105.1,0
2026-09-04 16:54:23.956882,ST-01,1.89,60.9,152.2,103.0,0
2026-09-04 17:54:23.956882,ST-01,1.96,69.8,157.9,108.1,0
2026-09-04 18:54:23.956882,ST-01,2.22,67.5,144.3,102.1,0
2026-09-04 19:54:23.956882,ST-01,1.43,68.3,158.5,93.9,0
2026-09-04 20:54:23.956882,ST-01,2.4,63.6,137.7,106.8,0
2026-09-04 21:54:23.956882,ST-01,2.02,64.6,164.5,97.0,0
2026-09-04 22:54:23.956882,ST-01,1.88,60.7,150.1,104.6,0
2026-09-04 23:54:23.956882,ST-01,1.97,63.4,144.0,107.9,0
2026-09-05 00:54:23.956882,ST-01,1.99,66.5,147.0,102.3,0
2026-09-05 01:54:23.956882,ST-01,1.48,68.9,158.1,92.5,0
2026-09-05 02:54:23.956882,ST-01,2.45,61.7,144.2,95.4,0
2026-09-05 03:54:23.956882,ST-01,2.01,63.9,142.5,106.6,0
2026-09-05 04:54:23.956882,ST-01,2.13,64.5,147.8,99.2,0
2026-09-05 05:54:23.956882,ST-01,2.29,60.8,138.2,100.4,0
2026-09-05 06:54:23.956882,ST-01,1.69,66.8,168.2,103.8,0
2026-09-05 07:54:23.956882,ST-01,2.14,62.8,144.3,103.5,0
2026-09-05 08:54:23.956882,ST-01,1.92,64.4,158.3,101.4,0
2026-09-05 09:54:23.956882,ST-01,2.25,63.6,152.1,99.0,0
2026-09-05 10:54:23.956882,ST-01,1.36,62.6,140.2,98.4,0
2026-09-05 11:54:23.956882,ST-01,1.97,65.0,149.9,104.3,0
2026-09-05 12:54:23.956882,ST-01,1.82,64.4,157.8,102.8,0
2026-09-05 13:54:23.956882,ST-01,2.13,63.9,148.1,98.7,0
2026-09-05 14:54:23.956882,ST-01,2.14,62.8,161.9,105.4,0
2026-09-05 15:54:23.956882,ST-01,1.79,66.0,160.2,99.4,0
2026-09-05 16:54:23.956882,ST-01,1.79,70.0,159.2,95.7,0
2026-09-05 17:54:23.956882,ST-01,1.97,65.4,145.4,96.2,0
2026-09-05 18:54:23.956882,ST-01,1.73,68.0,139.2,95.1,0
2026-09-05 19:54:23.956882,ST-01,2.25,60.8,143.9,98.6,0
2026-09-05 20:54:23.956882,ST-01,1.89,65.5,152.0,106.2,0
2026-09-05 21:54:23.956882,ST-01,1.13,61.7,155.5,96.0,0
2026-09-05 22:54:23.956882,ST-01,1.89,60.6,128.3,100.9,0
2026-09-05 23:54:23.956882,ST-01,1.69,62.8,149.9,96.7,0
2026-09-06 00:54:23.956882,ST-01,1.51,68.6,151.6,98.7,0
2026-09-06 01:54:23.956882,ST-01,1.63,67.9,147.2,92.4,0
2026-09-06 02:54:23.956882,ST-01,2.03,65.7,162.9,98.9,0
2026-09-06 03:54:23.956882,ST-01,2.4,60.4,154.2,99.0,0
2026-09-06 04:54:23.956882,ST-01,2.09,64.4,163.1,102.7,0
2026-09-06 05:54:23.956882,ST-01,1.82,65.9,147.8,101.1,0
2026-09-06 06:54:23.956882,ST-01,2.14,65.5,159.4,94.0,0
2026-09-06 07:54:23.956882,ST-01,1.86,59.5,166.4,105.4,0
2026-09-06 08:54:23.956882,ST-01,1.79,62.3,163.1,101.1,0
2026-09-06 09:54:23.956882,ST-01,1.65,64.8,139.1,101.0,0
2026-09-06 10:54:23.956882,ST-01,1.47,66.6,147.5,100.0,0
2026-09-06 11:54:23.956882,ST-01,1.88,58.4,146.5,97.4,0
2026-09-06 12:54:23.956882,ST-01,2.05,64.5,154.9,101.1,0
2026-09-06 13:54:23.956882,ST-01,1.97,65.4,156.9,102.4,0
2026-09-06 14:54:23.956882,ST-01,1.88,67.5,141.6,91.3,0
2026-09-06 15:54:23.956882,ST-01,1.72,67.1,150.7,97.3,0
2026-09-06 16:54:23.956882,ST-01,2.18,66.7,129.8,98.7,0
2026-09-06 17:54:23.956882,ST-01,1.6,62.6,164.4,101.3,0
2026-09-06 18:54:23.956882,ST-01,2.23,59.3,144.9,106.0,0
2026-09-06 19:54:23.956882,ST-01,1.7,63.8,150.6,96.1,0
2026-09-06 20:54:23.956882,ST-01,1.77,68.0,146.9,97.5,0
2026-09-06 21:54:23.956882,ST-01,1.56,69.2,161.5,97.4,0
2026-09-06 22:54:23.956882,ST-01,1.85,67.1,121.6,96.0,0
2026-09-06 23:54:23.956882,ST-01,2.29,66.3,149.8,98.3,0
2026-09-07 00:54:23.956882,ST-01,2.15,66.1,148.9,103.9,0
2026-09-07 01:54:23.956882,ST-01,2.29,63.3,145.5,94.7,0
2026-09-07 02:54:23.956882,ST-01,2.16,64.6,167.3,102.1,0
2026-09-07 03:54:23.956882,ST-01,1.67,70.0,141.1,91.5,0
2026-09-07 04:54:23.956882,ST-01,1.9,62.2,157.7,97.2,0
2026-09-07 05:54:23.956882,ST-01,1.77,69.8,153.6,98.4,0
2026-09-07 06:54:23.956882,ST-01,2.4,64.0,162.6,108.4,0
2026-09-07 07:54:23.956882,ST-01,1.64,69.0,143.3,98.6,0
2026-09-07 08:54:23.956882,ST-01,2.27,60.8,142.7,89.0,0
2026-09-07 09:54:23.956882,ST-01,2.27,66.8,161.0,90.0,0
2026-09-07 10:54:23.956882,ST-01,2.55,62.8,154.3,100.2,0
2026-09-07 11:54:23.956882,ST-01,1.88,60.8,134.6,103.1,0
2026-09-07 12:54:23.956882,ST-01,2.21,65.7,144.6,101.9,0
2026-09-07 13:54:23.956882,ST-01,2.68,68.0,153.9,100.8,0
2026-09-07 14:54:23.956882,ST-01,1.81,62.5,158.4,105.8,0
2026-09-07 15:54:23.956882,ST-01,1.54,60.5,143.2,97.3,0
2026-09-07 16:54:23.956882,ST-01,1.44,64.7,120.9,104.5,0
2026-09-07 17:54:23.956882,ST-01,2.21,64.7,155.2,91.8,0
2026-09-07 18:54:23.956882,ST-01,1.44,66.6,137.8,95.5,0
2026-09-07 19:54:23.956882,ST-01,1.89,67.8,129.8,91.0,0
2026-09-07 20:54:23.956882,ST-01,2.13,64.8,121.7,98.6,0
2026-09-07 21:54:23.956882,ST-01,2.06,70.6,158.1,99.8,0
2026-09-07 22:54:23.956882,ST-01,2.13,65.7,151.3,100.6,0
2026-09-07 23:54:23.956882,ST-01,2.07,64.0,147.7,100.3,0
2026-09-08 00:54:23.956882,ST-01,2.38,60.2,163.9,95.4,0
2026-09-08 01:54:23.956882,ST-01,1.71,64.2,156.4,99.0,0
2026-09-08 02:54:23.956882,ST-01,1.8,64.0,166.2,92.5,0
2026-09-08 03:54:23.956882,ST-01,1.77,67.9,136.1,106.8,0
2026-09-08 04:54:23.956882,ST-01,2.25,66.4,149.7,98.5,0
2026-09-08 05:54:23.956882,ST-01,2.27,61.5,133.8,97.6,0
2026-09-08 06:54:23.956882,ST-01,2.14,65.5,147.7,107.9,0
2026-09-08 07:54:23.956882,ST-01,2.36,67.0,147.5,93.8,0
2026-09-08 08:54:23.956882,ST-01,1.65,69.6,156.3,94.4,0
2026-09-08 09:54:23.956882,ST-01,2.5,67.7,150.5,94.5,0
2026-09-08 10:54:23.956882,ST-01,2.46,67.3,156.2,99.7,0
2026-09-08 11:54:23.956882,ST-01,2.22,65.2,157.0,102.2,0
2026-09-08 12:54:23.956882,ST-01,2.53,66.2,171.5,103.7,0
2026-09-08 13:54:23.956882,ST-01,1.5,68.7,146.8,112.9,0
2026-09-08 14:54:23.956882,ST-01,1.84,61.0,140.6,88.8,0
2026-09-08 15:54:23.956882,ST-01,1.78,64.0,152.5,103.0,0
2026-09-08 16:54:23.956882,ST-01,2.22,62.7,142.0,97.2,0
2026-09-08 17:54:23.956882,ST-01,1.68,66.1,164.8,97.1,0
2026-09-08 18:54:23.956882,ST-01,2.23,68.7,147.2,96.9,0
2026-09-08 19:54:23.956882,ST-01,2.41,63.2,144.3,95.5,0
2026-09-08 20:54:23.956882,ST-01,2.21,57.8,145.3,108.4,0
2026-09-08 21:54:23.956882,ST-01,2.09,63.8,157.2,104.2,0
2026-09-08 22:54:23.956882,ST-01,1.7,67.7,148.4,100.1,0
2026-09-08 23:54:23.956882,ST-01,1.75,66.6,143.6,106.8,0
2026-09-09 00:54:23.956882,ST-01,2.37,66.3,166.7,92.4,0
2026-09-09 01:54:23.956882,ST-01,2.23,64.2,141.4,93.3,0
2026-09-09 02:54:23.956882,ST-01,1.99,61.2,150.4,89.1,0
2026-09-09 03:54:23.956882,ST-01,1.87,66.5,156.5,96.5,0
2026-09-09 04:54:23.956882,ST-01,1.39,62.5,133.7,100.8,0
2026-09-09 05:54:23.956882,ST-01,1.68,71.6,154.8,100.5,0
2026-09-09 06:54:23.956882,ST-01,2.57,66.7,139.4,100.7,0
2026-09-09 07:54:23.956882,ST-01,1.62,63.3,158.2,92.9,0
2026-09-09 08:54:23.956882,ST-01,2.06,63.2,140.4,104.0,0
2026-09-09 09:54:23.956882,ST-01,2.3,64.7,156.9,101.2,0
2026-09-09 10:54:23.956882,ST-01,1.62,64.3,161.1,103.7,0
2026-09-09 11:54:23.956882,ST-01,2.06,68.4,158.6,90.5,0
2026-09-09 12:54:23.956882,ST-01,2.28,65.6,152.5,101.6,0
2026-09-09 13:54:23.956882,ST-01,2.0,62.8,147.7,94.1,0
2026-09-09 14:54:23.956882,ST-01,2.86,70.7,144.2,98.0,0
2026-09-09 15:54:23.956882,ST-01,1.5,65.1,164.7,102.7,0
2026-09-09 16:54:23.956882,ST-01,2.32,67.3,143.0,100.5,0
2026-09-09 17:54:23.956882,ST-01,1.95,63.2,139.6,95.7,0
2026-09-09 18:54:23.956882,ST-01,2.23,66.1,156.7,100.0,0
2026-09-09 19:54:23.956882,ST-01,2.13,65.9,142.0,92.3,0
2026-09-09 20:54:23.956882,ST-01,1.78,59.3,140.5,105.8,0
2026-09-09 21:54:23.956882,ST-01,2.07,71.0,135.6,99.0,0
2026-09-09 22:54:23.956882,ST-01,1.44,68.9,145.2,105.6,0
2026-09-09 23:54:23.956882,ST-01,2.18,63.8,149.2,97.4,0
2026-09-10 00:54:23.956882,ST-01,2.09,61.7,152.4,97.4,0
2026-09-10 01:54:23.956882,ST-01,2.19,66.0,159.5,96.2,0
2026-09-10 02:54:23.956882,ST-01,2.32,65.3,155.3,104.4,0
2026-09-10 03:54:23.956882,ST-01,2.11,66.1,148.1,96.5,0
2026-09-10 04:54:23.956882,ST-01,2.04,65.6,148.0,103.2,0
2026-09-10 05:54:23.956882,ST-01,1.74,66.5,155.1,98.1,0
2026-09-10 06:54:23.956882,ST-01,1.79,69.3,162.7,90.1,0
2026-09-10 07:54:23.956882,ST-01,2.36,66.7,151.3,97.1,0
2026-09-10 08:54:23.956882,ST-01,2.43,61.9,145.3,94.1,0
2026-09-10 09:54:23.956882,ST-01,1.93,69.1,140.1,100.2,0
2026-09-10 10:54:23.956882,ST-01,2.01,69.9,135.5,94.0,0
2026-09-10 11:54:23.956882,ST-01,1.73,74.5,156.7,104.6,0
2026-09-10 12:54:23.956882,ST-01,2.35,61.6,155.8,99.5,0
2026-09-10 13:54:23.956882,ST-01,2.2,65.7,155.8,99.1,0
2026-09-10 14:54:23.956882,ST-01,2.58,58.8,148.7,103.3,0
2026-09-10 15:54:23.956882,ST-01,1.74,66.7,164.1,104.8,0
2026-09-10 16:54:23.956882,ST-01,1.89,63.4,145.2,99.9,0
2026-09-10 17:54:23.956882,ST-01,2.07,70.8,159.6,96.1,0
2026-09-10 18:54:23.956882,ST-01,2.19,62.7,149.6,91.1,0
2026-09-10 19:54:23.956882,ST-01,1.94,59.9,143.9,96.6,0
2026-09-10 20:54:23.956882,ST-01,1.74,63.6,155.9,96.9,0
2026-09-10 21:54:23.956882,ST-01,2.26,59.1,154.1,100.5,0
2026-09-10 22:54:23.956882,ST-01,2.22,67.3,153.6,98.3,0
2026-09-10 23:54:23.956882,ST-01,1.73,58.8,150.8,103.4,0
2026-09-11 00:54:23.956882,ST-01,2.41,65.1,149.6,96.9,0
2026-09-11 01:54:23.956882,ST-01,2.35,58.8,173.9,99.7,0
2026-09-11 02:54:23.956882,ST-01,2.04,64.0,161.8,105.9,0
2026-09-11 03:54:23.956882,ST-01,2.02,69.9,157.2,101.7,0
2026-09-11 04:54:23.956882,ST-01,2.17,66.1,151.1,99.7,0
2026-09-11 05:54:23.956882,ST-01,1.74,62.4,160.1,97.0,0
2026-09-11 06:54:23.956882,ST-01,2.01,64.9,155.2,96.8,0
2026-09-11 07:54:23.956882,ST-01,1.35,65.1,150.3,95.7,0
2026-09-11 08:54:23.956882,ST-01,2.26,66.4,147.0,97.3,0
2026-09-11 09:54:23.956882,ST-01,1.53,60.9,149.2,103.8,0
2026-09-11 10:54:23.956882,ST-01,2.45,66.8,118.3,98.9,0
2026-09-11 11:54:23.956882,ST-01,1.9,56.9,152.1,93.3,0
2026-09-11 12:54:23.956882,ST-01,1.94,63.1,145.1,108.8,0
2026-09-11 13:54:23.956882,ST-01,1.81,63.5,165.9,101.6,0
2026-09-11 14:54:23.956882,ST-01,1.91,66.9,150.2,93.0,0
2026-09-11 15:54:23.956882,ST-01,2.43,65.1,138.1,97.8,0
2026-09-11 16:54:23.956882,ST-01,1.25,60.8,149.5,100.6,0
2026-09-11 17:54:23.956882,ST-01,2.38,62.0,139.5,108.5,0
2026-09-11 18:54:23.956882,ST-01,2.1,65.6,154.7,94.5,0
2026-09-11 19:54:23.956882,ST-01,1.64,64.8,152.9,104.9,0
2026-09-11 20:54:23.956882,ST-01,1.68,63.3,159.6,107.0,0
2026-09-11 21:54:23.956882,ST-01,2.5,63.6,142.1,96.9,0
2026-09-11 22:54:23.956882,ST-01,1.72,67.1,150.3,98.6,0
2026-09-11 23:54:23.956882,ST-01,1.65,63.4,136.3,94.8,0
2026-09-12 00:54:23.956882,ST-01,2.34,64.7,157.0,99.0,0
2026-09-12 01:54:23.956882,ST-01,2.1,71.5,155.2,99.8,0
2026-09-12 02:54:23.956882,ST-01,1.72,60.7,155.0,103.3,0
2026-09-12 03:54:23.956882,ST-01,2.06,59.4,150.0,105.5,0
2026-09-12 04:54:23.956882,ST-01,1.69,67.4,154.1,96.3,0
2026-09-12 05:54:23.956882,ST-01,2.33,63.0,166.0,90.2,0
2026-09-12 06:54:23.956882,ST-01,2.32,64.0,147.1,99.9,0
2026-09-12 07:54:23.956882,ST-01,2.16,62.7,151.4,101.5,0
2026-09-12 08:54:23.956882,ST-01,2.11,64.2,139.1,101.2,0
2026-09-12 09:54:23.956882,ST-01,2.53,69.8,141.3,98.4,0
2026-09-12 10:54:23.956882,ST-01,2.0,67.4,151.0,100.6,0
2026-09-12 11:54:23.956882,ST-01,1.65,67.6,161.0,107.6,0
2026-09-12 12:54:23.956882,ST-01,2.13,60.8,147.4,101.9,0
2026-09-12 13:54:23.956882,ST-01,2.63,61.5,147.6,98.1,0
2026-09-12 14:54:23.956882,ST-01,1.7,56.5,145.9,97.5,0
2026-09-12 15:54:23.956882,ST-01,1.89,62.6,144.7,99.2,0
2026-09-12 16:54:23.956882,ST-01,2.12,67.9,152.9,108.2,0
2026-09-12 17:54:23.956882,ST-01,1.98,66.6,135.0,99.1,0
2026-09-12 18:54:23.956882,ST-01,1.71,64.3,162.8,99.9,0
2026-09-12 19:54:23.956882,ST-01,2.34,64.9,143.3,97.6,0
2026-09-12 20:54:23.956882,ST-01,2.7,62.9,157.2,105.5,0
2026-09-12 21:54:23.956882,ST-01,2.06,65.6,137.3,109.8,0
2026-09-12 22:54:23.956882,ST-01,1.73,67.3,156.7,102.3,0
2026-09-12 23:54:23.956882,ST-01,1.54,60.2,156.7,100.4,0
2026-09-13 00:54:23.956882,ST-01,2.08,65.9,153.8,100.2,0
2026-09-13 01:54:23.956882,ST-01,2.33,67.8,140.1,88.1,0
2026-09-13 02:54:23.956882,ST-01,2.14,63.8,152.5,103.7,0
2026-09-13 03:54:23.956882,ST-01,2.0,67.1,138.2,100.7,0
2026-09-13 04:54:23.956882,ST-01,1.82,73.4,147.5,102.1,0
2026-09-13 05:54:23.956882,ST-01,1.67,64.7,160.3,96.4,0
2026-09-13 06:54:23.956882,ST-01,2.25,66.2,158.0,98.1,0
2026-09-13 07:54:23.956882,ST-01,2.27,62.8,150.2,97.9,0
2026-09-13 08:54:23.956882,ST-01,1.54,65.5,140.3,105.1,0
2026-09-13 09:54:23.956882,ST-01,2.48,66.4,156.5,98.1,0
2026-09-13 10:54:23.956882,ST-01,2.17,65.6,150.2,110.4,0
2026-09-13 11:54:23.956882,ST-01,2.42,61.9,126.8,102.2,0
2026-09-13 12:54:23.956882,ST-01,1.6,65.6,157.8,93.6,0
2026-09-13 13:54:23.956882,ST-01,1.59,69.4,149.8,99.4,0
2026-09-13 14:54:23.956882,ST-01,1.96,66.3,162.0,96.7,0
2026-09-13 15:54:23.956882,ST-01,2.15,67.9,139.0,89.0,0
2026-09-13 16:54:23.956882,ST-01,2.54,64.3,118.2,108.0,0
2026-09-13 17:54:23.956882,ST-01,2.21,67.2,152.8,103.5,0
2026-09-13 18:54:23.956882,ST-01,1.93,65.8,152.9,102.7,0
2026-09-13 19:54:23.956882,ST-01,1.69,62.1,133.1,100.8,0
2026-09-13 20:54:23.956882,ST-01,2.37,66.0,140.2,93.1,0
2026-09-13 21:54:23.956882,ST-01,1.71,62.0,177.6,97.6,0
2026-09-13 22:54:23.956882,ST-01,2.49,63.1,146.9,104.2,0
2026-09-13 23:54:23.956882,ST-01,1.91,65.6,157.3,94.7,0
2026-09-14 00:54:23.956882,ST-01,2.48,65.9,143.5,87.3,0
2026-09-14 01:54:23.956882,ST-01,2.2,61.4,129.1,98.9,0
2026-09-14 02:54:23.956882,ST-01,1.96,68.2,148.3,99.3,0
2026-09-14 03:54:23.956882,ST-01,1.84,66.7,147.3,100.7,0
2026-09-14 04:54:23.956882,ST-01,1.9,62.9,146.0,103.6,0
2026-09-14 05:54:23.956882,ST-01,2.13,60.4,148.9,103.2,0
2026-09-14 06:54:23.956882,ST-01,2.02,64.6,152.6,101.3,0
2026-09-14 07:54:23.956882,ST-01,1.82,63.7,148.5,106.0,0
2026-09-14 08:54:23.956882,ST-01,1.95,65.3,137.4,92.4,0
2026-09-14 09:54:23.956882,ST-01,2.02,63.9,154.9,102.5,0
2026-09-14 10:54:23.956882,ST-01,1.36,59.0,130.5,103.1,0
2026-09-14 11:54:23.956882,ST-01,2.14,63.8,129.5,93.8,0
2026-09-14 12:54:23.956882,ST-01,1.71,64.1,157.4,92.5,0
2026-09-14 13:54:23.956882,ST-01,1.65,66.9,155.1,96.3,0
2026-09-14 14:54:23.956882,ST-01,1.49,62.9,149.4,96.7,0
2026-09-14 15:54:23.956882,ST-01,1.46,70.0,136.0,103.8,0
2026-09-14 16:54:23.956882,ST-01,1.59,59.3,142.9,96.9,0
2026-09-14 17:54:23.956882,ST-01,1.79,68.9,147.4,95.7,0
2026-09-14 18:54:23.956882,ST-01,2.59,64.3,134.0,96.9,0
2026-09-14 19:54:23.956882,ST-01,1.84,67.6,142.6,105.6,0
2026-09-14 20:54:23.956882,ST-01,2.05,65.2,156.5,100.1,0
2026-09-14 21:54:23.956882,ST-01,2.12,68.4,164.3,99.1,0
2026-09-14 22:54:23.956882,ST-01,2.04,63.8,145.8,99.4,0
2026-09-14 23:54:23.956882,ST-01,1.98,61.7,157.6,106.5,0
2026-09-15 00:54:23.956882,ST-01,1.64,69.3,130.9,96.3,0
2026-09-15 01:54:23.956882,ST-01,2.44,64.7,156.6,106.6,0
2026-09-15 02:54:23.956882,ST-01,2.54,65.7,142.0,101.1,0
2026-09-15 03:54:23.956882,ST-01,1.5,68.7,153.1,99.2,0
2026-09-15 04:54:23.956882,ST-01,1.69,61.9,147.5,112.5,0
2026-09-15 05:54:23.956882,ST-01,1.92,66.8,163.2,94.7,0
2026-09-15 06:54:23.956882,ST-01,1.71,63.2,141.3,98.2,0
2026-09-15 07:54:23.956882,ST-01,2.15,64.6,156.3,93.8,0
2026-09-15 08:54:23.956882,ST-01,1.78,65.2,147.2,104.8,0
2026-09-15 09:54:23.956882,ST-01,2.65,60.5,148.4,108.4,0
2026-09-15 10:54:23.956882,ST-01,2.36,62.7,148.2,108.3,0
2026-09-15 11:54:23.956882,ST-01,2.06,69.1,141.5,106.1,0
2026-09-15 12:54:23.956882,ST-01,2.31,67.7,149.9,99.0,0
2026-09-15 13:54:23.956882,ST-01,2.33,64.8,149.4,98.2,0
2026-09-15 14:54:23.956882,ST-01,1.83,65.7,152.4,91.6,0
2026-09-15 15:54:23.956882,ST-01,1.76,64.1,150.8,110.2,0
2026-09-15 16:54:23.956882,ST-01,2.02,69.1,158.0,102.3,0
2026-09-15 17:54:23.956882,ST-01,2.26,64.4,159.2,97.5,0
2026-09-15 18:54:23.956882,ST-01,2.04,65.7,139.5,106.6,0
2026-09-15 19:54:23.956882,ST-01,1.53,68.4,158.7,95.1,0
2026-09-15 20:54:23.956882,ST-01,1.76,62.7,138.1,102.0,0
2026-09-15 21:54:23.956882,ST-01,1.98,69.7,155.9,99.1,0
2026-09-15 22:54:23.956882,ST-01,1.98,60.4,156.2,103.2,0
2026-09-15 23:54:23.956882,ST-01,2.59,69.9,130.9,99.7,0
2026-09-16 00:54:23.956882,ST-01,1.58,63.9,150.9,92.7,0
2026-09-16 01:54:23.956882,ST-01,2.15,64.3,145.3,100.4,0
2026-09-16 02:54:23.956882,ST-01,2.45,59.3,142.4,105.2,0
2026-09-16 03:54:23.956882,ST-01,2.68,63.6,163.5,99.9,0
2026-09-16 04:54:23.956882,ST-01,1.88,61.9,143.5,103.9,0
2026-09-16 05:54:23.956882,ST-01,2.15,63.2,141.9,94.8,0
2026-09-16 06:54:23.956882,ST-01,2.17,64.6,150.8,99.9,0
2026-09-16 07:54:23.956882,ST-01,2.06,67.9,156.9,96.9,0
2026-09-16 08:54:23.956882,ST-01,1.97,65.6,148.6,103.7,0
2026-09-16 09:54:23.956882,ST-01,2.13,65.9,161.7,100.2,0
2026-09-16 10:54:23.956882,ST-01,1.24,61.7,155.3,103.5,0
2026-09-16 11:54:23.956882,ST-01,2.2,62.4,128.2,105.4,0
2026-09-16 12:54:23.956882,ST-01,2.04,70.4,144.7,103.5,0
2026-09-16 13:54:23.956882,ST-01,1.93,62.8,144.4,101.4,0
2026-09-16 14:54:23.956882,ST-01,2.61,70.0,154.8,95.0,0
2026-09-16 15:54:23.956882,ST-01,1.8,64.3,123.8,100.0,0
2026-09-16 16:54:23.956882,ST-01,1.88,65.0,175.5,97.3,0
2026-09-16 17:54:23.956882,ST-01,2.6,68.2,155.3,98.3,0
2026-09-16 18:54:23.956882,ST-01,1.75,68.8,151.5,98.1,0
2026-09-16 19:54:23.956882,ST-01,1.83,64.7,161.8,95.1,0
2026-09-16 20:54:23.956882,ST-01,1.96,63.8,173.4,90.2,0
2026-09-16 21:54:23.956882,ST-01,2.25,64.8,158.7,96.7,0
2026-09-16 22:54:23.956882,ST-01,2.06,66.0,159.5,101.0,0
2026-09-16 23:54:23.956882,ST-01,1.61,67.7,151.3,93.3,0
2026-09-17 00:54:23.956882,ST-01,1.84,65.0,148.6,100.1,0
2026-09-17 01:54:23.956882,ST-01,1.82,66.9,145.2,109.5,0
2026-09-17 02:54:23.956882,ST-01,1.98,69.9,141.7,105.1,0
2026-09-17 03:54:23.956882,ST-01,2.13,66.1,143.1,108.2,0
2026-09-17 04:54:23.956882,ST-01,2.13,65.9,136.5,102.0,0
2026-09-17 05:54:23.956882,ST-01,1.47,60.4,149.2,105.8,0
2026-09-17 06:54:23.956882,ST-01,2.32,57.1,133.2,96.4,0
2026-09-17 07:54:23.956882,ST-01,2.08,66.2,151.9,96.8,0
2026-09-17 08:54:23.956882,ST-01,2.42,64.7,149.6,86.3,0
2026-09-17 09:54:23.956882,ST-01,2.13,63.5,151.5,105.9,0
2026-09-17 10:54:23.956882,ST-01,2.33,65.7,144.8,107.7,0
2026-09-17 11:54:23.956882,ST-01,2.14,64.8,180.8,97.2,0
2026-09-17 12:54:23.956882,ST-01,2.4,68.4,163.6,98.7,0
2026-09-17 13:54:23.956882,ST-01,2.16,65.3,137.6,96.2,0
2026-09-17 14:54:23.956882,ST-01,1.97,62.8,152.3,101.9,0
2026-09-17 15:54:23.956882,ST-01,2.68,68.0,143.9,105.6,0
2026-09-17 16:54:23.956882,ST-01,2.27,64.3,139.9,91.3,0
2026-09-17 17:54:23.956882,ST-01,2.17,66.6,136.6,102.0,0
2026-09-17 18:54:23.956882,ST-01,1.62,63.6,154.3,98.6,0
2026-09-17 19:54:23.956882,ST-01,1.61,63.1,143.2,100.6,0
2026-09-17 20:54:23.956882,ST-01,2.09,65.3,159.7,102.3,0
2026-09-17 21:54:23.956882,ST-01,2.04,65.0,159.9,99.1,0
2026-09-17 22:54:23.956882,ST-01,1.82,66.4,163.7,99.5,0
2026-09-17 23:54:23.956882,ST-01,2.04,64.2,141.5,98.9,0
2026-09-18 00:54:23.956882,ST-01,2.48,59.5,154.8,104.9,0
2026-09-18 01:54:23.956882,ST-01,2.21,63.7,156.3,102.1,0
2026-09-18 02:54:23.956882,ST-01,1.66,67.4,145.3,101.1,0
2026-09-18 03:54:23.956882,ST-01,1.97,64.1,142.3,93.6,0
2026-09-18 04:54:23.956882,ST-01,1.76,64.3,166.1,98.1,0
2026-09-18 05:54:23.956882,ST-01,1.88,68.0,152.3,104.5,0
2026-09-18 06:54:23.956882,ST-01,1.88,62.9,156.4,100.2,0
2026-09-18 07:54:23.956882,ST-01,1.86,60.4,141.8,103.3,0
2026-09-18 08:54:23.956882,ST-01,1.62,64.5,137.8,108.8,0
2026-09-18 09:54:23.956882,ST-01,1.96,63.5,144.3,105.2,0
2026-09-18 10:54:23.956882,ST-01,1.83,62.1,148.8,100.5,0
2026-09-18 11:54:23.956882,ST-01,1.12,64.5,139.4,97.4,0
2026-09-18 12:54:23.956882,ST-01,2.62,66.5,149.9,87.2,0
2026-09-18 13:54:23.956882,ST-01,2.33,65.0,133.1,99.2,0
2026-09-18 14:54:23.956882,ST-01,1.89,65.9,138.8,98.4,0
2026-09-18 15:54:23.956882,ST-01,2.01,70.4,156.7,102.0,0
2026-09-18 16:54:23.956882,ST-01,1.65,64.0,156.0,99.2,0
2026-09-18 17:54:23.956882,ST-01,2.51,65.8,146.1,98.4,0
2026-09-18 18:54:23.956882,ST-01,2.57,63.5,139.8,91.1,0
2026-09-18 19:54:23.956882,ST-01,2.05,62.5,139.7,95.3,0
2026-09-18 20:54:23.956882,ST-01,2.31,63.2,146.3,102.4,0
2026-09-18 21:54:23.956882,ST-01,2.05,63.6,156.4,108.6,0
2026-09-18 22:54:23.956882,ST-01,1.6,66.1,159.3,99.5,0
2026-09-18 23:54:23.956882,ST-01,1.88,72.0,145.0,101.6,0
2026-09-19 00:54:23.956882,ST-01,2.04,62.9,138.5,104.8,0
2026-09-19 01:54:23.956882,ST-01,1.86,63.8,152.7,95.9,0
2026-09-19 02:54:23.956882,ST-01,1.93,64.8,141.8,101.8,0
2026-09-19 03:54:23.956882,ST-01,1.97,66.2,144.8,96.3,0
2026-09-19 04:54:23.956882,ST-01,1.98,65.8,163.3,104.3,0
2026-09-19 05:54:23.956882,ST-01,2.02,68.9,158.3,100.8,0
2026-09-19 06:54:23.956882,ST-01,1.68,57.7,151.6,101.5,0
2026-09-19 07:54:23.956882,ST-01,1.78,57.8,137.3,96.1,0
2026-09-19 08:54:23.956882,ST-01,1.61,63.5,152.1,103.5,0
2026-09-19 09:54:23.956882,ST-01,2.29,68.3,160.6,110.4,0
2026-09-19 10:54:23.956882,ST-01,1.37,60.3,146.2,95.0,0
2026-09-19 11:54:23.956882,ST-01,2.35,56.0,163.5,98.3,0
2026-09-19 12:54:23.956882,ST-01,2.42,66.7,162.9,101.2,0
2026-09-19 13:54:23.956882,ST-01,1.91,65.7,166.6,103.9,0
2026-09-19 14:54:23.956882,ST-01,1.22,61.7,153.1,97.2,0
2026-09-19 15:54:23.956882,ST-01,1.89,62.0,155.9,85.8,0
2026-09-19 16:54:23.956882,ST-01,1.98,62.1,164.1,106.8,0
2026-09-19 17:54:23.956882,ST-01,1.7,65.3,154.5,103.8,0
2026-09-19 18:54:23.956882,ST-01,1.85,63.1,145.0,91.3,0
2026-09-19 19:54:23.956882,ST-01,2.46,66.5,145.5,97.0,0
2026-09-19 20:54:23.956882,ST-01,2.2,56.4,152.4,107.8,0
2026-09-19 21:54:23.956882,ST-01,1.72,62.4,137.1,107.2,0
2026-09-19 22:54:23.956882,ST-01,1.52,61.6,148.6,104.7,0
2026-09-19 23:54:23.956882,ST-01,1.9,64.2,161.0,99.1,0
2026-09-20 00:54:23.956882,ST-01,1.94,63.4,128.1,100.4,0
2026-09-20 01:54:23.956882,ST-01,2.15,67.4,165.3,99.3,0
2026-09-20 02:54:23.956882,ST-01,1.84,59.4,161.2,105.6,0
2026-09-20 03:54:23.956882,ST-01,2.15,65.1,145.4,95.6,0
2026-09-20 04:54:23.956882,ST-01,2.58,66.7,155.4,96.0,0
2026-09-20 05:54:23.956882,ST-01,2.24,70.6,150.0,105.1,0
2026-09-20 06:54:23.956882,ST-01,1.99,63.6,162.3,99.8,0
2026-09-20 07:54:23.956882,ST-01,1.95,66.0,159.8,106.9,0
2026-09-20 08:54:23.956882,ST-01,1.89,59.6,136.0,96.6,0
2026-09-20 09:54:23.956882,ST-01,2.35,57.8,155.9,99.7,0
2026-09-20 10:54:23.956882,ST-01,1.81,67.5,147.9,95.4,0
2026-09-20 11:54:23.956882,ST-01,2.01,65.0,150.8,100.0,0
2026-09-20 12:54:23.956882,ST-01,2.02,68.5,142.7,92.6,0
2026-09-20 13:54:23.956882,ST-01,1.85,60.9,167.5,97.6,0
2026-09-20 14:54:23.956882,ST-01,1.59,66.6,160.4,92.8,0
2026-09-20 15:54:23.956882,ST-01,2.1,70.6,142.6,103.5,0
2026-09-20 16:54:23.956882,ST-01,1.98,66.3,136.7,103.6,0
2026-09-20 17:54:23.956882,ST-01,2.15,65.8,146.1,91.3,0
2026-09-20 18:54:23.956882,ST-01,1.84,65.0,154.3,106.7,0
2026-09-20 19:54:23.956882,ST-01,2.37,60.3,152.4,112.5,0
2026-09-20 20:54:23.956882,ST-01,1.74,69.1,162.5,100.2,0
2026-09-20 21:54:23.956882,ST-01,2.51,63.2,157.9,96.8,0
2026-09-20 22:54:23.956882,ST-01,1.48,66.5,159.7,114.1,0
2026-09-20 23:54:23.956882,ST-01,2.13,60.3,153.3,93.4,0
2026-09-21 00:54:23.956882,ST-01,2.14,61.5,136.1,100.1,0
2026-09-21 01:54:23.956882,ST-01,1.76,69.3,148.0,100.9,0
2026-09-21 02:54:23.956882,ST-01,2.13,64.0,160.6,106.7,0
2026-09-21 03:54:23.956882,ST-01,2.38,69.4,149.5,101.8,0
2026-09-21 04:54:23.956882,ST-01,1.33,64.8,155.0,97.5,0
2026-09-21 05:54:23.956882,ST-01,2.15,59.5,146.8,95.2,0
2026-09-21 06:54:23.956882,ST-01,1.25,67.7,139.7,98.3,0
2026-09-21 07:54:23.956882,ST-01,1.71,63.2,148.8,95.0,0
2026-09-21 08:54:23.956882,ST-01,2.49,67.1,153.1,100.2,0
2026-09-21 09:54:23.956882,ST-01,1.83,65.1,143.4,97.2,0
2026-09-21 10:54:23.956882,ST-01,1.65,60.4,147.6,92.5,0
2026-09-21 11:54:23.956882,ST-01,1.94,65.5,140.6,106.3,0
2026-09-21 12:54:23.956882,ST-01,2.62,71.6,161.2,97.5,0
2026-09-21 13:54:23.956882,ST-01,1.45,66.5,147.1,93.7,0
2026-09-21 14:54:23.956882,ST-01,1.68,64.8,164.5,99.2,0
2026-09-21 15:54:23.956882,ST-01,2.45,68.2,165.3,100.3,0
2026-09-21 16:54:23.956882,ST-01,2.56,65.6,149.2,91.3,0
2026-09-21 17:54:23.956882,ST-01,1.97,65.6,139.9,101.7,0
2026-09-21 18:54:23.956882,ST-01,1.63,61.7,129.1,94.8,0
2026-09-21 19:54:23.956882,ST-01,2.63,65.7,135.3,108.6,0
2026-09-21 20:54:23.956882,ST-01,2.48,68.1,136.3,102.6,0
2026-09-21 21:54:23.956882,ST-01,2.2,62.5,163.8,98.0,0
2026-09-21 22:54:23.956882,ST-01,1.76,69.3,151.2,96.3,0
2026-09-21 23:54:23.956882,ST-01,1.99,64.7,153.9,99.5,0
2026-09-22 00:54:23.956882,ST-01,1.95,62.3,127.8,103.1,0
2026-09-22 01:54:23.956882,ST-01,2.1,68.0,138.0,99.9,0
2026-09-22 02:54:23.956882,ST-01,2.44,64.1,158.9,98.9,0
2026-09-22 03:54:23.956882,ST-01,2.26,67.3,152.9,100.3,0
2026-09-22 04:54:23.956882,ST-01,1.68,64.1,148.5,97.0,0
2026-09-22 05:54:23.956882,ST-01,2.41,64.8,155.6,98.3,0
2026-09-22 06:54:23.956882,ST-01,2.09,66.5,166.4,89.6,0
2026-09-22 07:54:23.956882,ST-01,2.21,65.9,147.8,104.9,0
2026-09-22 08:54:23.956882,ST-01,2.44,59.0,150.7,101.5,0
2026-09-22 09:54:23.956882,ST-01,1.67,61.6,151.9,96.1,0
2026-09-22 10:54:23.956882,ST-01,1.99,67.8,173.9,109.5,0
2026-09-22 11:54:23.956882,ST-01,1.84,64.6,129.0,100.4,0
2026-09-22 12:54:23.956882,ST-01,1.53,63.4,156.8,94.8,0
2026-09-22 13:54:23.956882,ST-01,2.1,60.9,148.9,104.3,0
2026-09-22 14:54:23.956882,ST-01,2.75,61.8,155.7,102.0,0
2026-09-22 15:54:23.956882,ST-01,1.45,58.9,143.4,102.0,0
2026-09-22 16:54:23.956882,ST-01,1.99,64.7,149.5,97.9,0
2026-09-22 17:54:23.956882,ST-01,2.19,63.2,157.1,102.3,0
2026-09-22 18:54:23.956882,ST-01,2.04,62.1,181.1,98.7,0
2026-09-22 19:54:23.956882,ST-01,1.97,64.8,158.1,102.8,0
2026-09-22 20:54:23.956882,ST-01,1.61,66.1,141.5,90.5,0
2026-09-22 21:54:23.956882,ST-01,2.07,71.3,145.8,97.8,0
2026-09-22 22:54:23.956882,ST-01,1.77,60.5,145.5,108.6,0
2026-09-22 23:54:23.956882,ST-01,1.34,68.5,132.0,96.2,0
2026-09-23 00:54:23.956882,ST-01,2.36,67.9,146.7,97.0,0
2026-09-23 01:54:23.956882,ST-01,2.29,62.7,157.3,97.8,0
2026-09-23 02:54:23.956882,ST-01,2.02,65.6,137.3,93.9,0
2026-09-23 03:54:23.956882,ST-01,2.07,63.6,160.5,89.0,0
2026-09-23 04:54:23.956882,ST-01,2.32,65.6,154.9,98.8,0
2026-09-23 05:54:23.956882,ST-01,2.07,69.5,142.7,100.7,0
2026-09-23 06:54:23.956882,ST-01,2.27,66.8,148.6,99.7,0
2026-09-23 07:54:23.956882,ST-01,1.91,66.5,166.0,99.3,0
2026-09-23 08:54:23.956882,ST-01,2.39,63.7,157.3,100.2,0
2026-09-23 09:54:23.956882,ST-01,2.1,60.5,150.1,105.1,0
2026-09-23 10:54:23.956882,ST-01,2.06,64.4,147.6,99.0,0
2026-09-23 11:54:23.956882,ST-01,1.62,68.6,150.8,97.1,0
2026-09-23 12:54:23.956882,ST-01,2.09,60.4,144.9,98.6,0
2026-09-23 13:54:23.956882,ST-01,1.75,61.8,129.0,102.9,0
2026-09-23 14:54:23.956882,ST-01,1.81,65.4,170.4,107.1,0
2026-09-23 15:54:23.956882,ST-01,1.76,62.0,151.6,96.9,0
2026-09-23 16:54:23.956882,ST-01,1.68,62.6,154.0,100.5,0
2026-09-23 17:54:23.956882,ST-01,2.64,63.7,149.4,101.7,0
2026-09-23 18:54:23.956882,ST-01,2.4,60.9,142.6,95.0,0
2026-09-23 19:54:23.956882,ST-01,2.58,62.1,148.1,100.1,0
2026-09-23 20:54:23.956882,ST-01,1.63,67.1,134.0,92.7,0
2026-09-23 21:54:23.956882,ST-01,2.02,61.1,172.8,91.2,0
2026-09-23 22:54:23.956882,ST-01,1.61,60.2,137.7,101.8,0
2026-09-23 23:54:23.956882,ST-01,1.79,63.1,139.7,98.1,0
2026-09-24 00:54:23.956882,ST-01,1.72,67.2,145.6,101.0,0
2026-09-24 01:54:23.956882,ST-01,2.37,64.4,162.9,99.9,0
2026-09-24 02:54:23.956882,ST-01,1.88,63.6,150.1,95.1,0
2026-09-24 03:54:23.956882,ST-01,2.32,65.1,137.6,99.8,0
2026-09-24 04:54:23.956882,ST-01,2.18,59.8,162.5,93.8,0
2026-09-24 05:54:23.956882,ST-01,2.69,66.5,157.3,107.0,0
2026-09-24 06:54:23.956882,ST-01,1.56,66.2,155.4,93.2,0
2026-09-24 07:54:23.956882,ST-01,2.38,63.8,157.2,99.0,0
2026-09-24 08:54:23.956882,ST-01,2.34,68.0,173.9,94.8,0
2026-09-24 09:54:23.956882,ST-01,1.71,61.6,171.9,102.9,0
2026-09-24 10:54:23.956882,ST-01,2.3,68.4,143.1,98.3,0
2026-09-24 11:54:23.956882,ST-01,2.1,65.5,166.2,97.4,0
2026-09-24 12:54:23.956882,ST-01,1.93,64.0,153.8,104.3,0
2026-09-24 13:54:23.956882,ST-01,1.75,64.9,155.0,100.1,0
2026-09-24 14:54:23.956882,ST-01,1.78,64.7,133.1,102.6,0
2026-09-24 15:54:23.956882,ST-01,2.61,68.7,148.3,95.1,0
2026-09-24 16:54:23.956882,ST-01,2.0,61.8,141.9,93.0,0
2026-09-24 17:54:23.956882,ST-01,2.23,62.7,158.3,100.5,0
2026-09-24 18:54:23.956882,ST-01,1.76,68.1,160.7,98.4,0
2026-09-24 19:54:23.956882,ST-01,1.77,63.2,129.3,103.1,0
2026-09-24 20:54:23.956882,ST-01,2.32,67.7,149.8,99.6,0
2026-09-24 21:54:23.956882,ST-01,1.6,70.1,161.2,101.0,0
2026-09-24 22:54:23.956882,ST-01,1.88,63.8,148.1,91.9,0
2026-09-24 23:54:23.956882,ST-01,2.01,67.0,157.3,109.4,0
2026-09-25 00:54:23.956882,ST-01,2.03,61.5,153.5,99.2,0
2026-09-25 01:54:23.956882,ST-01,1.95,67.3,153.4,103.5,0
2026-09-25 02:54:23.956882,ST-01,2.12,65.6,147.3,95.8,0
2026-09-25 03:54:23.956882,ST-01,2.21,66.4,137.8,101.5,0
2026-09-25 04:54:23.956882,ST-01,2.22,63.1,138.8,93.5,0
2026-09-25 05:54:23.956882,ST-01,1.7,60.0,157.1,102.3,0
2026-09-25 06:54:23.956882,ST-01,1.91,66.5,150.2,98.2,0
2026-09-25 07:54:23.956882,ST-01,2.36,58.8,148.6,100.1,0
2026-09-25 08:54:23.956882,ST-01,2.27,64.0,145.8,103.5,0
2026-09-25 09:54:23.956882,ST-01,1.59,67.8,146.9,93.8,0
2026-09-25 10:54:23.956882,ST-01,2.11,65.6,160.5,96.6,0
2026-09-25 11:54:23.956882,ST-01,1.41,70.8,146.6,102.3,0
2026-09-25 12:54:23.956882,ST-01,2.01,68.1,136.6,110.5,0
2026-09-25 13:54:23.956882,ST-01,8.02,93.7,157.4,99.3,1
2026-09-25 14:54:23.956882,ST-01,8.57,95.5,148.0,103.0,1
2026-09-25 15:54:23.956882,ST-01,8.81,99.3,150.3,99.5,1
2026-09-25 16:54:23.956882,ST-01,5.81,89.0,166.1,109.7,1
2026-09-25 17:54:23.956882,ST-01,10.84,87.1,149.8,91.3,1
2026-09-25 18:54:23.956882,ST-01,8.01,92.7,152.9,100.5,1
2026-09-25 19:54:23.956882,ST-01,9.56,88.5,138.2,91.9,1
2026-09-25 20:54:23.956882,ST-01,8.9,93.3,147.8,87.5,1
2026-09-25 21:54:23.956882,ST-01,10.38,97.0,156.1,101.5,1
2026-09-25 22:54:23.956882,ST-01,9.45,91.4,134.4,100.7,1
2026-09-25 23:54:23.956882,ST-01,8.74,89.3,152.0,98.6,1
2026-09-26 00:54:23.956882,ST-01,8.02,95.3,151.0,99.5,1
2026-09-26 01:54:23.956882,ST-01,9.88,98.5,150.4,115.5,1
2026-09-26 02:54:23.956882,ST-01,6.94,88.2,160.4,98.7,1
2026-09-26 03:54:23.956882,ST-01,9.71,98.3,153.3,102.6,1
2026-09-26 04:54:23.956882,ST-01,7.79,98.3,164.8,96.8,1
2026-09-26 05:54:23.956882,ST-01,10.38,98.8,140.1,101.5,1
2026-09-26 06:54:23.956882,ST-01,9.18,99.9,151.4,98.8,1
2026-09-26 07:54:23.956882,ST-01,9.71,103.8,150.8,97.9,1
2026-09-26 08:54:23.956882,ST-01,9.09,93.6,139.3,109.1,1
2026-09-26 09:54:23.956882,ST-01,7.07,95.4,159.6,105.9,1
2026-09-26 10:54:23.956882,ST-01,8.05,93.3,173.2,100.7,1
2026-09-26 11:54:23.956882,ST-01,9.74,95.0,149.8,88.5,1
2026-09-26 12:54:23.956882,ST-01,9.18,101.1,155.1,98.2,1
2026-09-26 13:54:23.956882,ST-01,10.3,89.6,150.8,113.5,1
2026-09-26 14:54:23.956882,ST-01,9.44,91.6,142.9,98.8,1
2026-09-26 15:54:23.956882,ST-01,7.94,100.5,131.8,105.5,1
2026-09-26 16:54:23.956882,ST-01,8.12,99.1,142.9,107.2,1
2026-09-26 17:54:23.956882,ST-01,9.11,93.5,136.1,101.1,1
2026-09-26 18:54:23.956882,ST-01,6.45,98.4,167.0,95.8,1
2026-09-26 19:54:23.956882,ST-01,10.84,96.4,148.8,87.8,1
2026-09-26 20:54:23.956882,ST-01,9.49,101.0,146.5,103.4,1
2026-09-26 21:54:23.956882,ST-01,10.35,95.3,158.9,95.9,1
2026-09-26 22:54:23.956882,ST-01,7.26,99.1,138.8,100.9,1
2026-09-26 23:54:23.956882,ST-01,10.37,105.6,142.3,93.8,1
2026-09-27 00:54:23.956882,ST-01,11.45,97.4,150.7,98.7,1
2026-09-27 01:54:23.956882,ST-01,7.55,95.2,160.3,100.2,1
2026-09-27 02:54:23.956882,ST-01,9.85,97.9,155.0,101.3,1
2026-09-27 03:54:23.956882,ST-01,9.0,93.5,152.5,94.4,1
2026-09-27 04:54:23.956882,ST-01,7.3,104.6,150.8,106.0,1
2026-09-27 05:54:23.956882,ST-01,9.54,95.7,154.0,97.0,1
2026-09-27 06:54:23.956882,ST-01,9.92,93.9,152.0,91.6,1
2026-09-27 07:54:23.956882,ST-01,8.34,91.7,139.7,99.5,1
2026-09-27 08:54:23.956882,ST-01,10.28,99.4,150.5,100.2,1
2026-09-27 09:54:23.956882,ST-01,7.17,98.5,139.3,100.8,1
2026-09-27 10:54:23.956882,ST-01,7.36,93.0,150.8,106.8,1
2026-09-27 11:54:23.956882,ST-01,9.15,97.3,145.2,98.8,1
2026-09-27 12:54:23.956882,ST-01,9.03,89.0,175.4,99.4,1
2026-09-27 13:54:23.956882,ST-01,8.21,95.7,149.6,94.5,1
2026-09-27 14:54:23.956882,ST-01,9.89,96.8,136.0,104.1,1
2026-09-27 15:54:23.956882,ST-01,9.58,101.8,148.7,100.9,1
2026-09-27 16:54:23.956882,ST-01,9.94,91.9,155.2,97.9,1
2026-09-27 17:54:23.956882,ST-01,8.86,89.9,166.7,90.5,1
2026-09-27 18:54:23.956882,ST-01,9.66,91.4,144.1,107.2,1
2026-09-27 19:54:23.956882,ST-01,8.51,89.7,134.2,93.9,1
2026-09-27 20:54:23.956882,ST-01,11.26,100.3,158.2,97.0,1
2026-09-27 21:54:23.956882,ST-01,8.11,101.2,136.2,101.8,1
2026-09-27 22:54:23.956882,ST-01,11.32,96.3,145.6,94.0,1
2026-09-27 23:54:23.956882,ST-01,9.04,99.9,147.4,92.5,1
2026-09-28 00:54:23.956882,ST-01,7.49,95.5,149.3,89.4,1
2026-09-28 01:54:23.956882,ST-01,10.5,94.6,156.9,103.6,1
2026-09-28 02:54:23.956882,ST-01,9.14,93.7,143.2,97.3,1
2026-09-28 03:54:23.956882,ST-01,9.94,93.8,147.3,114.6,1
2026-09-28 04:54:23.956882,ST-01,10.35,88.8,149.9,95.0,1
2026-09-28 05:54:23.956882,ST-01,9.37,96.1,151.5,95.4,1
2026-09-28 06:54:23.956882,ST-01,8.35,94.8,151.0,97.2,1
2026-09-28 07:54:23.956882,ST-01,10.07,98.0,154.4,101.2,1
2026-09-28 08:54:23.956882,ST-01,9.0,95.4,158.4,97.6,1
2026-09-28 09:54:23.956882,ST-01,9.75,94.3,153.9,103.1,1
2026-09-28 10:54:23.956882,ST-01,6.63,91.5,154.5,95.1,1
2026-09-28 11:54:23.956882,ST-01,9.49,95.3,134.2,93.1,1
2026-09-28 12:54:23.956882,ST-01,8.3,98.0,150.5,91.0,1
2026-09-28 13:54:23.956882,ST-01,10.82,90.4,154.8,88.9,1
2026-09-28 14:54:23.956882,ST-01,9.69,95.3,157.3,97.4,1
2026-09-28 15:54:23.956882,ST-01,9.26,95.9,143.1,98.5,1
2026-09-28 16:54:23.956882,ST-01,9.53,92.1,143.4,96.8,1
2026-09-28 17:54:23.956882,ST-01,7.9,92.6,144.3,106.2,1
2026-09-28 18:54:23.956882,ST-01,10.79,95.9,155.4,106.1,1
2026-09-28 19:54:23.956882,ST-01,11.19,90.5,160.3,98.3,1
2026-09-28 20:54:23.956882,ST-01,9.43,96.4,145.9,91.0,1
2026-09-28 21:54:23.956882,ST-01,10.75,91.4,159.1,97.2,1
2026-09-28 22:54:23.956882,ST-01,8.37,99.3,151.2,97.0,1
2026-09-28 23:54:23.956882,ST-01,8.12,104.4,148.8,96.7,1
2026-09-29 00:54:23.956882,ST-01,9.05,91.6,147.9,96.5,1
2026-09-29 01:54:23.956882,ST-01,9.48,97.1,157.5,96.7,1
2026-09-29 02:54:23.956882,ST-01,8.57,92.1,153.3,98.1,1
2026-09-29 03:54:23.956882,ST-01,9.59,99.2,172.8,96.8,1
2026-09-29 04:54:23.956882,ST-01,9.34,89.9,141.5,101.0,1
2026-09-29 05:54:23.956882,ST-01,7.9,96.9,155.2,101.8,1
2026-09-29 06:54:23.956882,ST-01,9.57,91.5,144.7,95.4,1
2026-09-29 07:54:23.956882,ST-01,9.95,94.2,141.3,106.4,1
2026-09-29 08:54:23.956882,ST-01,9.19,90.9,149.9,95.1,1
2026-09-29 09:54:23.956882,ST-01,10.27,98.3,151.4,91.9,1
2026-09-29 10:54:23.956882,ST-01,7.66,91.7,179.2,101.9,1
2026-09-29 11:54:23.956882,ST-01,9.51,97.2,148.2,95.9,1
2026-09-29 12:54:23.956882,ST-01,7.71,93.6,138.7,101.6,1
2026-09-29 13:54:23.956882,ST-01,7.77,94.5,152.7,88.0,1
2026-09-29 14:54:23.956882,ST-01,8.31,95.6,129.3,107.0,1
2026-09-29 15:54:23.956882,ST-01,7.96,92.0,149.1,103.4,1
2026-09-29 16:54:23.956882,ST-01,8.4,95.8,150.2,92.5,1
2026-09-29 17:54:23.956882,ST-01,8.76,101.1,157.9,92.6,1
2026-09-29 18:54:23.956882,ST-01,9.92,91.9,159.7,108.4,1
2026-09-29 19:54:23.956882,ST-01,8.65,99.7,145.0,96.3,1
2026-09-29 20:54:23.956882,ST-01,7.26,101.0,148.5,95.8,1
2026-09-29 21:54:23.956882,ST-01,10.25,91.7,142.3,88.7,1
2026-09-29 22:54:23.956882,ST-01,8.08,89.2,138.7,98.2,1
2026-09-29 23:54:23.956882,ST-01,8.94,96.2,153.1,98.9,1
2026-09-30 00:54:23.956882,ST-01,9.49,92.8,137.3,103.6,1
2026-09-30 01:54:23.956882,ST-01,9.22,102.5,145.9,93.0,1
2026-09-30 02:54:23.956882,ST-01,10.2,95.1,140.0,92.4,1
2026-09-30 03:54:23.956882,ST-01,9.53,91.8,155.5,102.3,1
2026-09-30 04:54:23.956882,ST-01,8.05,90.4,168.0,105.0,1
2026-09-30 05:54:23.956882,ST-01,11.4,99.4,137.0,92.1,1
2026-09-30 06:54:23.956882,ST-01,9.21,92.7,131.5,105.4,1
2026-09-30 07:54:23.956882,ST-01,8.84,95.2,148.8,100.2,1
2026-09-30 08:54:23.956882,ST-01,10.06,98.8,150.2,105.5,1
2026-09-30 09:54:23.956882,ST-01,9.27,93.1,152.2,99.6,1
2026-09-30 10:54:23.956882,ST-01,9.44,94.8,145.5,87.4,1
2026-09-30 11:54:23.956882,ST-01,11.74,94.9,148.0,99.2,1
2026-09-30 12:54:23.956882,ST-01,8.7,97.7,153.7,105.3,1
2026-08-31 13:54:23.956882,GEN-01,2.18,65.0,156.6,104.2,0
2026-08-31 14:54:23.956882,GEN-01,1.93,68.1,141.8,104.0,0
2026-08-31 15:54:23.956882,GEN-01,2.02,68.3,139.6,92.9,0
2026-08-31 16:54:23.956882,GEN-01,1.89,62.6,158.2,109.6,0
2026-08-31 17:54:23.956882,GEN-01,1.56,63.4,154.0,96.8,0
2026-08-31 18:54:23.956882,GEN-01,2.08,61.0,151.7,98.7,0
2026-08-31 19:54:23.956882,GEN-01,2.57,66.2,141.5,95.5,0
2026-08-31 20:54:23.956882,GEN-01,1.73,67.0,156.1,113.5,0
2026-08-31 21:54:23.956882,GEN-01,1.77,61.0,142.4,101.2,0
2026-08-31 22:54:23.956882,GEN-01,1.74,63.6,149.0,95.7,0
2026-08-31 23:54:23.956882,GEN-01,2.22,61.0,164.5,104.3,0
2026-09-01 00:54:23.956882,GEN-01,2.13,62.3,143.4,103.8,0
2026-09-01 01:54:23.956882,GEN-01,1.95,66.7,134.3,99.1,0
2026-09-01 02:54:23.956882,GEN-01,1.72,62.8,139.5,104.2,0
2026-09-01 03:54:23.956882,GEN-01,2.03,64.1,159.9,95.9,0
2026-09-01 04:54:23.956882,GEN-01,1.53,60.1,152.5,97.5,0
2026-09-01 05:54:23.956882,GEN-01,2.04,65.6,148.7,89.9,0
2026-09-01 06:54:23.956882,GEN-01,2.26,64.9,144.9,93.4,0
2026-09-01 07:54:23.956882,GEN-01,1.62,62.8,154.9,109.0,0
2026-09-01 08:54:23.956882,GEN-01,1.54,64.4,141.5,108.2,0
2026-09-01 09:54:23.956882,GEN-01,2.47,65.5,153.1,100.3,0
2026-09-01 10:54:23.956882,GEN-01,1.82,62.6,142.7,108.3,0
2026-09-01 11:54:23.956882,GEN-01,2.34,60.6,141.0,99.2,0
2026-09-01 12:54:23.956882,GEN-01,1.95,70.4,143.6,98.8,0
2026-09-01 13:54:23.956882,GEN-01,1.95,63.1,146.2,100.3,0
2026-09-01 14:54:23.956882,GEN-01,2.13,64.7,149.5,99.4,0
2026-09-01 15:54:23.956882,GEN-01,1.73,68.0,152.4,98.9,0
2026-09-01 16:54:23.956882,GEN-01,2.04,75.6,113.1,105.7,0
2026-09-01 17:54:23.956882,GEN-01,1.89,61.3,141.9,100.8,0
2026-09-01 18:54:23.956882,GEN-01,1.6,66.3,146.1,103.6,0
2026-09-01 19:54:23.956882,GEN-01,2.1,62.9,165.1,105.2,0
2026-09-01 20:54:23.956882,GEN-01,1.92,63.4,139.2,101.9,0
2026-09-01 21:54:23.956882,GEN-01,1.95,62.8,151.6,95.1,0
2026-09-01 22:54:23.956882,GEN-01,1.64,61.6,165.0,93.2,0
2026-09-01 23:54:23.956882,GEN-01,2.48,64.9,136.9,100.7,0
2026-09-02 00:54:23.956882,GEN-01,2.26,60.6,153.9,99.1,0
2026-09-02 01:54:23.956882,GEN-01,2.29,67.8,142.0,100.4,0
2026-09-02 02:54:23.956882,GEN-01,1.91,65.2,145.0,99.9,0
2026-09-02 03:54:23.956882,GEN-01,1.48,66.3,142.0,112.9,0
2026-09-02 04:54:23.956882,GEN-01,2.59,63.6,142.7,93.3,0
2026-09-02 05:54:23.956882,GEN-01,1.98,63.9,177.2,90.1,0
2026-09-02 06:54:23.956882,GEN-01,1.78,65.9,158.4,101.7,0
2026-09-02 07:54:23.956882,GEN-01,2.13,61.5,161.0,98.1,0
2026-09-02 08:54:23.956882,GEN-01,2.35,63.9,154.9,101.6,0
2026-09-02 09:54:23.956882,GEN-01,1.99,62.4,133.9,102.9,0
2026-09-02 10:54:23.956882,GEN-01,2.38,62.3,153.9,106.4,0
2026-09-02 11:54:23.956882,GEN-01,2.32,58.7,160.7,92.5,0
2026-09-02 12:54:23.956882,GEN-01,1.68,69.0,141.5,97.2,0
2026-09-02 13:54:23.956882,GEN-01,1.8,62.9,159.7,102.1,0
2026-09-02 14:54:23.956882,GEN-01,2.29,68.5,157.0,103.9,0
2026-09-02 15:54:23.956882,GEN-01,1.19,68.2,168.5,111.0,0
2026-09-02 16:54:23.956882,GEN-01,1.96,61.1,145.8,104.8,0
2026-09-02 17:54:23.956882,GEN-01,1.57,61.7,139.0,99.7,0
2026-09-02 18:54:23.956882,GEN-01,1.86,72.7,146.4,95.5,0
2026-09-02 19:54:23.956882,GEN-01,1.91,70.3,164.4,97.2,0
2026-09-02 20:54:23.956882,GEN-01,1.89,64.9,131.7,97.0,0
2026-09-02 21:54:23.956882,GEN-01,1.83,65.8,129.3,103.3,0
2026-09-02 22:54:23.956882,GEN-01,1.67,63.1,150.9,101.3,0
2026-09-02 23:54:23.956882,GEN-01,2.69,66.3,145.6,93.4,0
2026-09-03 00:54:23.956882,GEN-01,2.56,62.8,150.1,97.8,0
2026-09-03 01:54:23.956882,GEN-01,1.65,58.9,159.5,104.4,0
2026-09-03 02:54:23.956882,GEN-01,2.47,61.0,144.5,101.8,0
2026-09-03 03:54:23.956882,GEN-01,1.88,65.1,131.3,102.8,0
2026-09-03 04:54:23.956882,GEN-01,2.04,61.6,170.4,101.9,0
2026-09-03 05:54:23.956882,GEN-01,1.98,64.8,140.0,108.1,0
2026-09-03 06:54:23.956882,GEN-01,1.8,61.8,139.4,101.2,0
2026-09-03 07:54:23.956882,GEN-01,2.3,62.7,161.0,98.1,0
2026-09-03 08:54:23.956882,GEN-01,2.04,67.6,146.2,95.4,0
2026-09-03 09:54:23.956882,GEN-01,1.86,65.7,149.4,101.2,0
2026-09-03 10:54:23.956882,GEN-01,1.61,65.0,154.8,87.8,0
2026-09-03 11:54:23.956882,GEN-01,1.73,67.6,160.8,99.1,0
2026-09-03 12:54:23.956882,GEN-01,1.51,66.4,146.7,99.0,0
2026-09-03 13:54:23.956882,GEN-01,2.0,69.3,165.2,93.2,0
2026-09-03 14:54:23.956882,GEN-01,1.64,63.6,128.6,95.4,0
2026-09-03 15:54:23.956882,GEN-01,1.92,63.7,157.6,104.0,0
2026-09-03 16:54:23.956882,GEN-01,2.41,61.1,141.6,101.2,0
2026-09-03 17:54:23.956882,GEN-01,2.36,63.7,163.7,100.5,0
2026-09-03 18:54:23.956882,GEN-01,1.99,67.9,151.4,101.5,0
2026-09-03 19:54:23.956882,GEN-01,1.97,68.9,143.3,100.5,0
2026-09-03 20:54:23.956882,GEN-01,2.56,67.9,156.6,106.2,0
2026-09-03 21:54:23.956882,GEN-01,2.16,59.6,158.9,100.6,0
2026-09-03 22:54:23.956882,GEN-01,1.9,68.2,156.4,92.7,0
2026-09-03 23:54:23.956882,GEN-01,1.57,59.5,139.7,108.2,0
2026-09-04 00:54:23.956882,GEN-01,2.12,67.7,145.2,101.9,0
2026-09-04 01:54:23.956882,GEN-01,2.25,63.9,150.0,97.1,0
2026-09-04 02:54:23.956882,GEN-01,1.81,67.1,149.6,93.7,0
2026-09-04 03:54:23.956882,GEN-01,2.09,61.0,157.5,102.0,0
2026-09-04 04:54:23.956882,GEN-01,1.89,68.5,129.9,99.4,0
2026-09-04 05:54:23.956882,GEN-01,1.94,60.6,153.3,107.9,0
2026-09-04 06:54:23.956882,GEN-01,1.25,63.0,147.1,98.3,0
2026-09-04 07:54:23.956882,GEN-01,1.93,62.0,141.6,95.8,0
2026-09-04 08:54:23.956882,GEN-01,2.29,59.7,142.6,104.5,0
2026-09-04 09:54:23.956882,GEN-01,1.81,65.3,147.9,104.6,0
2026-09-04 10:54:23.956882,GEN-01,2.02,70.4,114.0,100.8,0
2026-09-04 11:54:23.956882,GEN-01,1.77,73.0,143.0,103.4,0
2026-09-04 12:54:23.956882,GEN-01,2.11,65.3,141.2,99.8,0
2026-09-04 13:54:23.956882,GEN-01,1.94,68.4,155.3,101.2,0
2026-09-04 14:54:23.956882,GEN-01,1.72,65.7,141.9,105.8,0
2026-09-04 15:54:23.956882,GEN-01,2.4,66.5,147.8,103.1,0
2026-09-04 16:54:23.956882,GEN-01,2.28,64.0,165.4,99.2,0
2026-09-04 17:54:23.956882,GEN-01,1.82,65.6,159.9,106.8,0
2026-09-04 18:54:23.956882,GEN-01,2.15,66.6,159.0,88.2,0
2026-09-04 19:54:23.956882,GEN-01,2.16,63.3,145.0,110.3,0
2026-09-04 20:54:23.956882,GEN-01,2.19,64.8,155.4,91.5,0
2026-09-04 21:54:23.956882,GEN-01,1.49,64.8,147.7,96.9,0
2026-09-04 22:54:23.956882,GEN-01,2.3,67.5,148.0,99.8,0
2026-09-04 23:54:23.956882,GEN-01,1.83,61.8,154.1,99.3,0
2026-09-05 00:54:23.956882,GEN-01,1.89,64.8,144.0,105.0,0
2026-09-05 01:54:23.956882,GEN-01,2.79,70.7,164.9,94.7,0
2026-09-05 02:54:23.956882,GEN-01,2.09,68.5,148.4,101.3,0
2026-09-05 03:54:23.956882,GEN-01,1.88,69.0,156.2,97.1,0
2026-09-05 04:54:23.956882,GEN-01,1.34,65.1,164.6,101.5,0
2026-09-05 05:54:23.956882,GEN-01,2.42,66.0,160.3,99.7,0
2026-09-05 06:54:23.956882,GEN-01,1.6,68.0,135.9,100.5,0
2026-09-05 07:54:23.956882,GEN-01,1.7,69.7,154.4,97.3,0
2026-09-05 08:54:23.956882,GEN-01,1.9,59.1,158.5,97.4,0
2026-09-05 09:54:23.956882,GEN-01,2.42,61.1,158.9,101.4,0
2026-09-05 10:54:23.956882,GEN-01,2.23,68.9,138.9,104.7,0
2026-09-05 11:54:23.956882,GEN-01,1.95,64.2,143.4,97.0,0
2026-09-05 12:54:23.956882,GEN-01,2.09,63.0,159.9,95.7,0
2026-09-05 13:54:23.956882,GEN-01,1.82,61.2,142.4,103.1,0
2026-09-05 14:54:23.956882,GEN-01,2.04,63.3,147.0,99.8,0
2026-09-05 15:54:23.956882,GEN-01,2.02,60.8,165.8,104.2,0
2026-09-05 16:54:23.956882,GEN-01,2.29,71.3,149.5,95.5,0
2026-09-05 17:54:23.956882,GEN-01,2.29,64.9,142.7,91.1,0
2026-09-05 18:54:23.956882,GEN-01,2.15,64.8,141.2,97.3,0
2026-09-05 19:54:23.956882,GEN-01,1.89,66.8,153.3,96.2,0
2026-09-05 20:54:23.956882,GEN-01,2.22,67.9,136.7,99.6,0
2026-09-05 21:54:23.956882,GEN-01,1.97,67.8,147.5,96.8,0
2026-09-05 22:54:23.956882,GEN-01,1.68,68.2,153.3,103.7,0
2026-09-05 23:54:23.956882,GEN-01,1.88,63.1,163.0,98.6,0
2026-09-06 00:54:23.956882,GEN-01,2.03,64.1,156.7,100.8,0
2026-09-06 01:54:23.956882,GEN-01,2.27,67.3,142.9,100.8,0
2026-09-06 02:54:23.956882,GEN-01,1.94,63.4,161.8,101.0,0
2026-09-06 03:54:23.956882,GEN-01,1.64,65.0,147.0,99.9,0
2026-09-06 04:54:23.956882,GEN-01,2.02,66.2,137.6,102.6,0
2026-09-06 05:54:23.956882,GEN-01,2.03,67.4,148.3,96.0,0
2026-09-06 06:54:23.956882,GEN-01,2.06,59.7,164.4,107.0,0
2026-09-06 07:54:23.956882,GEN-01,2.28,67.1,151.7,98.8,0
2026-09-06 08:54:23.956882,GEN-01,2.31,64.3,150.1,93.4,0
2026-09-06 09:54:23.956882,GEN-01,1.82,67.1,166.4,100.9,0
2026-09-06 10:54:23.956882,GEN-01,1.82,67.3,135.7,95.7,0
2026-09-06 11:54:23.956882,GEN-01,1.69,69.8,137.1,103.3,0
2026-09-06 12:54:23.956882,GEN-01,2.21,69.1,133.8,111.0,0
2026-09-06 13:54:23.956882,GEN-01,2.43,69.0,153.7,96.1,0
2026-09-06 14:54:23.956882,GEN-01,1.91,69.3,151.7,101.7,0
2026-09-06 15:54:23.956882,GEN-01,1.93,65.9,165.4,91.2,0
2026-09-06 16:54:23.956882,GEN-01,2.44,65.1,152.4,102.3,0
2026-09-06 17:54:23.956882,GEN-01,2.15,67.6,146.0,95.6,0
2026-09-06 18:54:23.956882,GEN-01,2.13,67.2,150.0,96.9,0
2026-09-06 19:54:23.956882,GEN-01,1.64,64.1,151.2,94.5,0
2026-09-06 20:54:23.956882,GEN-01,2.2,66.2,133.3,103.7,0
2026-09-06 21:54:23.956882,GEN-01,1.72,64.9,177.1,105.0,0
2026-09-06 22:54:23.956882,GEN-01,1.66,62.4,155.2,100.1,0
2026-09-06 23:54:23.956882,GEN-01,1.9,68.9,152.1,95.7,0
2026-09-07 00:54:23.956882,GEN-01,1.82,65.2,156.2,107.9,0
2026-09-07 01:54:23.956882,GEN-01,1.93,71.1,157.1,96.2,0
2026-09-07 02:54:23.956882,GEN-01,1.57,60.1,148.6,89.2,0
2026-09-07 03:54:23.956882,GEN-01,2.29,63.3,143.7,102.3,0
2026-09-07 04:54:23.956882,GEN-01,2.34,65.1,156.0,94.5,0
2026-09-07 05:54:23.956882,GEN-01,1.42,68.4,153.9,104.9,0
2026-09-07 06:54:23.956882,GEN-01,2.29,66.2,141.9,98.1,0
2026-09-07 07:54:23.956882,GEN-01,1.76,65.9,164.2,103.0,0
2026-09-07 08:54:23.956882,GEN-01,2.26,61.6,152.9,107.0,0
2026-09-07 09:54:23.956882,GEN-01,1.98,61.5,157.3,94.0,0
2026-09-07 10:54:23.956882,GEN-01,2.01,66.0,163.9,97.2,0
2026-09-07 11:54:23.956882,GEN-01,1.94,60.9,150.2,99.6,0
2026-09-07 12:54:23.956882,GEN-01,2.36,63.4,153.2,107.7,0
2026-09-07 13:54:23.956882,GEN-01,1.63,66.5,158.1,96.7,0
2026-09-07 14:54:23.956882,GEN-01,2.18,62.1,142.8,97.0,0
2026-09-07 15:54:23.956882,GEN-01,2.33,69.8,150.5,102.4,0
2026-09-07 16:54:23.956882,GEN-01,2.21,68.7,151.3,97.1,0
2026-09-07 17:54:23.956882,GEN-01,2.7,60.3,140.4,100.8,0
2026-09-07 18:54:23.956882,GEN-01,1.84,62.2,173.2,92.2,0
2026-09-07 19:54:23.956882,GEN-01,2.29,58.1,135.9,111.1,0
2026-09-07 20:54:23.956882,GEN-01,1.97,62.7,137.0,93.3,0
2026-09-07 21:54:23.956882,GEN-01,2.37,67.3,163.1,98.4,0
2026-09-07 22:54:23.956882,GEN-01,2.0,63.8,157.1,99.8,0
2026-09-07 23:54:23.956882,GEN-01,1.88,66.4,139.7,109.6,0
2026-09-08 00:54:23.956882,GEN-01,2.39,60.4,156.1,93.4,0
2026-09-08 01:54:23.956882,GEN-01,1.85,67.4,164.7,109.9,0
2026-09-08 02:54:23.956882,GEN-01,1.58,63.3,149.7,103.8,0
2026-09-08 03:54:23.956882,GEN-01,1.84,65.0,176.0,102.1,0
2026-09-08 04:54:23.956882,GEN-01,2.19,64.7,132.8,95.1,0
2026-09-08 05:54:23.956882,GEN-01,2.42,61.2,156.9,102.9,0
2026-09-08 06:54:23.956882,GEN-01,2.03,61.5,161.7,96.4,0
2026-09-08 07:54:23.956882,GEN-01,2.4,67.9,158.9,106.3,0
2026-09-08 08:54:23.956882,GEN-01,1.59,66.2,148.0,95.1,0
2026-09-08 09:54:23.956882,GEN-01,1.87,68.2,147.1,99.4,0
2026-09-08 10:54:23.956882,GEN-01,1.91,66.0,154.4,97.2,0
2026-09-08 11:54:23.956882,GEN-01,1.97,65.4,158.2,95.1,0
2026-09-08 12:54:23.956882,GEN-01,2.03,59.8,156.0,103.7,0
2026-09-08 13:54:23.956882,GEN-01,2.21,64.2,160.4,102.7,0
2026-09-08 14:54:23.956882,GEN-01,1.87,64.9,139.8,106.0,0
2026-09-08 15:54:23.956882,GEN-01,2.04,70.9,147.7,91.1,0
2026-09-08 16:54:23.956882,GEN-01,1.99,67.1,140.6,105.3,0
2026-09-08 17:54:23.956882,GEN-01,1.72,69.6,146.1,112.5,0
2026-09-08 18:54:23.956882,GEN-01,1.97,66.8,160.2,97.7,0
2026-09-08 19:54:23.956882,GEN-01,1.96,62.9,151.1,109.5,0
2026-09-08 20:54:23.956882,GEN-01,1.95,65.4,176.1,98.7,0
2026-09-08 21:54:23.956882,GEN-01,2.01,65.7,151.9,93.1,0
2026-09-08 22:54:23.956882,GEN-01,2.02,62.2,150.6,98.5,0
2026-09-08 23:54:23.956882,GEN-01,1.87,63.8,151.1,105.2,0
2026-09-09 00:54:23.956882,GEN-01,2.38,64.4,143.6,95.8,0
2026-09-09 01:54:23.956882,GEN-01,1.65,69.8,149.4,97.0,0
2026-09-09 02:54:23.956882,GEN-01,1.78,58.8,161.3,103.0,0
2026-09-09 03:54:23.956882,GEN-01,2.83,68.6,151.1,100.0,0
2026-09-09 04:54:23.956882,GEN-01,1.69,62.2,142.1,102.9,0
2026-09-09 05:54:23.956882,GEN-01,1.59,60.9,140.7,101.2,0
2026-09-09 06:54:23.956882,GEN-01,2.22,68.5,145.5,102.4,0
2026-09-09 07:54:23.956882,GEN-01,1.38,67.2,150.7,97.8,0
2026-09-09 08:54:23.956882,GEN-01,1.93,68.8,161.9,101.2,0
2026-09-09 09:54:23.956882,GEN-01,2.64,67.4,136.6,95.4,0
2026-09-09 10:54:23.956882,GEN-01,1.54,71.2,146.8,106.4,0
2026-09-09 11:54:23.956882,GEN-01,1.41,66.7,151.4,96.8,0
2026-09-09 12:54:23.956882,GEN-01,1.55,64.5,131.7,105.6,0
2026-09-09 13:54:23.956882,GEN-01,2.27,66.0,141.7,98.8,0
2026-09-09 14:54:23.956882,GEN-01,2.34,68.7,143.2,101.0,0
2026-09-09 15:54:23.956882,GEN-01,1.85,62.7,142.0,97.5,0
2026-09-09 16:54:23.956882,GEN-01,2.2,63.0,151.9,94.9,0
2026-09-09 17:54:23.956882,GEN-01,2.42,64.1,148.4,91.3,0
2026-09-09 18:54:23.956882,GEN-01,2.54,58.7,144.4,94.7,0
2026-09-09 19:54:23.956882,GEN-01,1.93,65.4,154.3,98.4,0
2026-09-09 20:54:23.956882,GEN-01,1.31,59.3,167.2,101.1,0
2026-09-09 21:54:23.956882,GEN-01,1.75,65.2,166.4,105.1,0
2026-09-09 22:54:23.956882,GEN-01,1.87,67.6,130.8,97.8,0
2026-09-09 23:54:23.956882,GEN-01,1.92,63.6,155.8,95.6,0
2026-09-10 00:54:23.956882,GEN-01,1.94,70.0,148.2,92.8,0
2026-09-10 01:54:23.956882,GEN-01,2.34,60.6,151.6,102.4,0
2026-09-10 02:54:23.956882,GEN-01,2.38,68.6,146.0,106.9,0
2026-09-10 03:54:23.956882,GEN-01,1.95,67.0,151.2,106.3,0
2026-09-10 04:54:23.956882,GEN-01,2.33,59.9,151.5,103.5,0
2026-09-10 05:54:23.956882,GEN-01,2.11,73.1,144.2,103.2,0
2026-09-10 06:54:23.956882,GEN-01,2.02,64.8,141.0,108.5,0
2026-09-10 07:54:23.956882,GEN-01,2.27,62.4,145.5,101.7,0
2026-09-10 08:54:23.956882,GEN-01,2.02,60.8,152.3,103.2,0
2026-09-10 09:54:23.956882,GEN-01,2.62,64.3,156.0,98.4,0
2026-09-10 10:54:23.956882,GEN-01,1.57,64.6,158.5,93.2,0
2026-09-10 11:54:23.956882,GEN-01,1.85,65.3,145.1,96.6,0
2026-09-10 12:54:23.956882,GEN-01,1.96,64.1,152.8,100.0,0
2026-09-10 13:54:23.956882,GEN-01,2.13,66.9,159.6,100.3,0
2026-09-10 14:54:23.956882,GEN-01,2.38,63.8,161.7,109.6,0
2026-09-10 15:54:23.956882,GEN-01,1.99,59.2,149.4,100.4,0
2026-09-10 16:54:23.956882,GEN-01,1.57,64.6,147.8,105.9,0
2026-09-10 17:54:23.956882,GEN-01,2.25,57.9,151.9,97.8,0
2026-09-10 18:54:23.956882,GEN-01,2.23,66.1,138.5,98.4,0
2026-09-10 19:54:23.956882,GEN-01,1.42,62.1,148.1,93.4,0
2026-09-10 20:54:23.956882,GEN-01,2.0,65.5,157.4,96.3,0
2026-09-10 21:54:23.956882,GEN-01,1.52,68.9,156.4,102.6,0
2026-09-10 22:54:23.956882,GEN-01,1.8,62.2,147.3,100.0,0
2026-09-10 23:54:23.956882,GEN-01,1.73,68.2,152.2,104.7,0
2026-09-11 00:54:23.956882,GEN-01,2.24,63.7,141.8,100.9,0
2026-09-11 01:54:23.956882,GEN-01,2.04,70.3,157.0,98.2,0
2026-09-11 02:54:23.956882,GEN-01,1.61,63.9,149.2,110.7,0
2026-09-11 03:54:23.956882,GEN-01,2.26,62.5,147.2,99.5,0
2026-09-11 04:54:23.956882,GEN-01,1.57,67.1,146.4,105.8,0
2026-09-11 05:54:23.956882,GEN-01,2.1,63.7,149.4,98.0,0
2026-09-11 06:54:23.956882,GEN-01,1.76,62.5,145.5,103.5,0
2026-09-11 07:54:23.956882,GEN-01,1.89,63.6,156.6,104.6,0
2026-09-11 08:54:23.956882,GEN-01,2.15,64.9,146.0,101.0,0
2026-09-11 09:54:23.956882,GEN-01,2.16,69.0,165.9,88.2,0
2026-09-11 10:54:23.956882,GEN-01,2.4,59.2,164.7,100.1,0
2026-09-11 11:54:23.956882,GEN-01,1.98,65.1,141.1,106.2,0
2026-09-11 12:54:23.956882,GEN-01,2.09,66.9,150.7,102.6,0
2026-09-11 13:54:23.956882,GEN-01,1.87,65.6,143.5,102.2,0
2026-09-11 14:54:23.956882,GEN-01,2.05,68.9,146.7,91.4,0
2026-09-11 15:54:23.956882,GEN-01,2.13,64.8,170.0,96.4,0
2026-09-11 16:54:23.956882,GEN-01,1.97,64.4,146.9,102.1,0
2026-09-11 17:54:23.956882,GEN-01,1.46,66.8,153.6,102.1,0
2026-09-11 18:54:23.956882,GEN-01,2.1,65.3,155.4,106.1,0
2026-09-11 19:54:23.956882,GEN-01,2.11,63.8,140.0,99.3,0
2026-09-11 20:54:23.956882,GEN-01,1.8,66.5,141.4,102.0,0
2026-09-11 21:54:23.956882,GEN-01,1.61,63.0,137.9,100.1,0
2026-09-11 22:54:23.956882,GEN-01,2.44,63.2,141.1,95.1,0
2026-09-11 23:54:23.956882,GEN-01,2.15,63.4,121.5,88.7,0
2026-09-12 00:54:23.956882,GEN-01,1.93,69.1,155.4,102.2,0
2026-09-12 01:54:23.956882,GEN-01,1.66,55.3,170.5,100.9,0
2026-09-12 02:54:23.956882,GEN-01,1.75,66.2,151.5,96.9,0
2026-09-12 03:54:23.956882,GEN-01,2.39,65.1,135.8,91.9,0
2026-09-12 04:54:23.956882,GEN-01,2.04,60.0,143.6,103.1,0
2026-09-12 05:54:23.956882,GEN-01,1.83,65.9,145.4,98.7,0
2026-09-12 06:54:23.956882,GEN-01,2.15,66.4,139.8,102.8,0
2026-09-12 07:54:23.956882,GEN-01,1.76,66.8,158.6,109.3,0
2026-09-12 08:54:23.956882,GEN-01,2.45,57.0,158.1,89.3,0
2026-09-12 09:54:23.956882,GEN-01,2.41,69.1,138.4,96.5,0
2026-09-12 10:54:23.956882,GEN-01,1.86,62.8,157.3,99.0,0
2026-09-12 11:54:23.956882,GEN-01,1.81,67.1,165.3,107.3,0
2026-09-12 12:54:23.956882,GEN-01,1.21,67.2,169.0,91.8,0
2026-09-12 13:54:23.956882,GEN-01,1.56,62.4,178.7,109.7,0
2026-09-12 14:54:23.956882,GEN-01,1.6,67.0,141.0,100.7,0
2026-09-12 15:54:23.956882,GEN-01,2.04,63.8,178.2,99.5,0
2026-09-12 16:54:23.956882,GEN-01,1.9,58.8,146.5,99.0,0
2026-09-12 17:54:23.956882,GEN-01,1.6,68.5,144.1,97.8,0
2026-09-12 18:54:23.956882,GEN-01,1.92,62.7,153.3,105.2,0
2026-09-12 19:54:23.956882,GEN-01,2.15,62.4,144.2,94.7,0
2026-09-12 20:54:23.956882,GEN-01,2.16,63.8,154.0,101.7,0
2026-09-12 21:54:23.956882,GEN-01,1.43,65.8,136.8,98.1,0
2026-09-12 22:54:23.956882,GEN-01,1.96,64.8,147.6,96.2,0
2026-09-12 23:54:23.956882,GEN-01,1.58,66.6,162.9,112.9,0
2026-09-13 00:54:23.956882,GEN-01,2.27,61.0,149.4,102.1,0
2026-09-13 01:54:23.956882,GEN-01,2.24,62.8,151.4,103.1,0
2026-09-13 02:54:23.956882,GEN-01,1.73,64.7,154.8,105.7,0
2026-09-13 03:54:23.956882,GEN-01,1.77,70.7,161.7,92.9,0
2026-09-13 04:54:23.956882,GEN-01,1.86,64.7,133.4,108.8,0
2026-09-13 05:54:23.956882,GEN-01,1.32,68.3,155.8,87.5,0
2026-09-13 06:54:23.956882,GEN-01,2.1,65.1,147.3,96.2,0
2026-09-13 07:54:23.956882,GEN-01,1.92,63.5,151.7,97.7,0
2026-09-13 08:54:23.956882,GEN-01,2.29,64.3,160.6,102.9,0
2026-09-13 09:54:23.956882,GEN-01,1.67,64.5,138.1,101.1,0
2026-09-13 10:54:23.956882,GEN-01,1.81,66.8,139.9,99.2,0
2026-09-13 11:54:23.956882,GEN-01,1.55,69.1,130.6,99.9,0
2026-09-13 12:54:23.956882,GEN-01,1.7,66.1,144.5,95.1,0
2026-09-13 13:54:23.956882,GEN-01,1.65,68.6,163.3,92.5,0
2026-09-13 14:54:23.956882,GEN-01,2.3,62.1,148.8,103.6,0
2026-09-13 15:54:23.956882,GEN-01,1.79,63.8,136.6,103.5,0
2026-09-13 16:54:23.956882,GEN-01,2.04,62.8,145.1,107.9,0
2026-09-13 17:54:23.956882,GEN-01,1.89,65.9,135.1,96.0,0
2026-09-13 18:54:23.956882,GEN-01,1.62,63.9,138.7,103.5,0
2026-09-13 19:54:23.956882,GEN-01,1.95,67.2,153.9,98.6,0
2026-09-13 20:54:23.956882,GEN-01,2.18,62.2,138.3,106.0,0
2026-09-13 21:54:23.956882,GEN-01,1.64,65.1,161.1,105.1,0
2026-09-13 22:54:23.956882,GEN-01,2.24,67.1,149.3,101.1,0
2026-09-13 23:54:23.956882,GEN-01,1.75,58.8,150.9,98.3,0
2026-09-14 00:54:23.956882,GEN-01,1.86,71.4,147.2,104.8,0
2026-09-14 01:54:23.956882,GEN-01,2.16,64.2,157.7,103.2,0
2026-09-14 02:54:23.956882,GEN-01,1.8,58.9,157.8,96.6,0
2026-09-14 03:54:23.956882,GEN-01,2.01,65.5,153.4,93.4,0
2026-09-14 04:54:23.956882,GEN-01,1.91,65.1,155.6,98.6,0
2026-09-14 05:54:23.956882,GEN-01,2.04,64.8,147.9,107.6,0
2026-09-14 06:54:23.956882,GEN-01,1.29,68.0,155.4,105.7,0
2026-09-14 07:54:23.956882,GEN-01,1.45,67.2,146.6,94.4,0
2026-09-14 08:54:23.956882,GEN-01,2.18,65.9,150.0,94.2,0
2026-09-14 09:54:23.956882,GEN-01,2.31,66.4,147.3,106.4,0
2026-09-14 10:54:23.956882,GEN-01,1.73,64.7,145.4,94.3,0
2026-09-14 11:54:23.956882,GEN-01,1.93,70.3,143.1,102.5,0
2026-09-14 12:54:23.956882,GEN-01,2.09,60.6,154.7,96.9,0
2026-09-14 13:54:23.956882,GEN-01,2.21,65.4,163.1,108.1,0
2026-09-14 14:54:23.956882,GEN-01,1.39,65.2,161.7,96.1,0
2026-09-14 15:54:23.956882,GEN-01,1.73,67.4,137.4,105.7,0
2026-09-14 16:54:23.956882,GEN-01,1.9,62.5,162.9,100.9,0
2026-09-14 17:54:23.956882,GEN-01,2.21,59.8,146.8,101.3,0
2026-09-14 18:54:23.956882,GEN-01,2.75,65.5,156.0,90.1,0
2026-09-14 19:54:23.956882,GEN-01,1.93,65.8,140.9,89.0,0
2026-09-14 20:54:23.956882,GEN-01,1.58,69.5,151.4,98.9,0
2026-09-14 21:54:23.956882,GEN-01,2.12,61.2,153.1,101.2,0
2026-09-14 22:54:23.956882,GEN-01,2.4,68.5,135.2,94.4,0
2026-09-14 23:54:23.956882,GEN-01,2.03,72.1,156.1,94.6,0
2026-09-15 00:54:23.956882,GEN-01,1.73,63.9,163.5,102.8,0
2026-09-15 01:54:23.956882,GEN-01,2.29,61.1,148.3,102.8,0
2026-09-15 02:54:23.956882,GEN-01,2.2,63.8,163.6,99.3,0
2026-09-15 03:54:23.956882,GEN-01,1.69,65.0,148.1,103.9,0
2026-09-15 04:54:23.956882,GEN-01,2.11,66.7,158.5,94.1,0
2026-09-15 05:54:23.956882,GEN-01,2.3,63.2,127.8,98.2,0
2026-09-15 06:54:23.956882,GEN-01,2.35,69.7,174.2,108.2,0
2026-09-15 07:54:23.956882,GEN-01,1.98,61.7,165.0,100.3,0
2026-09-15 08:54:23.956882,GEN-01,1.89,59.8,147.2,100.6,0
2026-09-15 09:54:23.956882,GEN-01,2.37,68.3,130.3,111.5,0
2026-09-15 10:54:23.956882,GEN-01,1.64,58.2,152.9,93.0,0
2026-09-15 11:54:23.956882,GEN-01,2.13,64.4,135.6,104.0,0
2026-09-15 12:54:23.956882,GEN-01,1.59,74.4,154.4,108.3,0
2026-09-15 13:54:23.956882,GEN-01,2.32,65.0,154.1,98.4,0
2026-09-15 14:54:23.956882,GEN-01,1.92,61.6,140.6,104.3,0
2026-09-15 15:54:23.956882,GEN-01,2.38,64.8,161.2,95.1,0
2026-09-15 16:54:23.956882,GEN-01,2.15,64.8,158.1,96.6,0
2026-09-15 17:54:23.956882,GEN-01,1.63,65.5,159.8,101.9,0
2026-09-15 18:54:23.956882,GEN-01,2.43,67.0,150.1,104.0,0
2026-09-15 19:54:23.956882,GEN-01,2.47,61.9,135.8,105.6,0
2026-09-15 20:54:23.956882,GEN-01,2.26,70.1,159.8,107.8,0
2026-09-15 21:54:23.956882,GEN-01,1.77,65.7,147.3,99.7,0
2026-09-15 22:54:23.956882,GEN-01,1.91,67.2,136.1,106.0,0
2026-09-15 23:54:23.956882,GEN-01,2.04,63.1,163.5,98.3,0
2026-09-16 00:54:23.956882,GEN-01,1.79,68.9,171.0,104.5,0
2026-09-16 01:54:23.956882,GEN-01,2.51,64.2,149.6,101.0,0
2026-09-16 02:54:23.956882,GEN-01,2.04,65.8,171.6,102.2,0
2026-09-16 03:54:23.956882,GEN-01,1.19,62.2,150.9,102.1,0
2026-09-16 04:54:23.956882,GEN-01,2.1,62.0,146.2,92.0,0
2026-09-16 05:54:23.956882,GEN-01,1.9,67.1,143.7,94.4,0
2026-09-16 06:54:23.956882,GEN-01,1.98,63.7,166.4,100.5,0
2026-09-16 07:54:23.956882,GEN-01,1.89,62.4,142.2,91.6,0
2026-09-16 08:54:23.956882,GEN-01,2.24,63.1,157.4,104.2,0
2026-09-16 09:54:23.956882,GEN-01,2.34,67.1,144.4,104.4,0
2026-09-16 10:54:23.956882,GEN-01,2.08,63.1,145.4,101.6,0
2026-09-16 11:54:23.956882,GEN-01,1.9,64.6,160.3,94.4,0
2026-09-16 12:54:23.956882,GEN-01,1.99,65.0,146.2,106.9,0
2026-09-16 13:54:23.956882,GEN-01,2.01,59.2,146.0,110.2,0
2026-09-16 14:54:23.956882,GEN-01,1.76,60.6,161.3,100.7,0
2026-09-16 15:54:23.956882,GEN-01,2.17,66.0,166.0,102.6,0
2026-09-16 16:54:23.956882,GEN-01,2.14,62.8,156.4,101.0,0
2026-09-16 17:54:23.956882,GEN-01,2.46,68.2,143.5,102.7,0
2026-09-16 18:54:23.956882,GEN-01,2.38,67.9,144.9,99.4,0
2026-09-16 19:54:23.956882,GEN-01,1.79,67.2,150.8,99.8,0
2026-09-16 20:54:23.956882,GEN-01,2.25,70.5,153.2,104.5,0
2026-09-16 21:54:23.956882,GEN-01,1.71,64.8,140.1,111.7,0
2026-09-16 22:54:23.956882,GEN-01,2.21,66.9,157.2,93.0,0
2026-09-16 23:54:23.956882,GEN-01,1.85,63.2,150.9,99.5,0
2026-09-17 00:54:23.956882,GEN-01,1.69,72.4,132.8,94.1,0
2026-09-17 01:54:23.956882,GEN-01,2.08,71.0,140.7,108.0,0
2026-09-17 02:54:23.956882,GEN-01,1.2,65.0,145.0,97.1,0
2026-09-17 03:54:23.956882,GEN-01,1.47,66.2,149.3,92.8,0
2026-09-17 04:54:23.956882,GEN-01,1.95,69.1,168.9,103.2,0
2026-09-17 05:54:23.956882,GEN-01,2.02,64.6,152.4,108.7,0
2026-09-17 06:54:23.956882,GEN-01,1.89,63.0,141.6,103.3,0
2026-09-17 07:54:23.956882,GEN-01,1.53,67.6,152.2,101.0,0
2026-09-17 08:54:23.956882,GEN-01,1.75,65.2,146.5,102.0,0
2026-09-17 09:54:23.956882,GEN-01,2.12,65.5,153.2,107.1,0
2026-09-17 10:54:23.956882,GEN-01,2.17,62.5,155.8,95.6,0
2026-09-17 11:54:23.956882,GEN-01,2.0,59.8,162.1,99.4,0
2026-09-17 12:54:23.956882,GEN-01,2.35,65.7,149.8,97.7,0
2026-09-17 13:54:23.956882,GEN-01,2.12,67.7,166.4,94.2,0
2026-09-17 14:54:23.956882,GEN-01,1.78,64.3,159.1,98.4,0
2026-09-17 15:54:23.956882,GEN-01,1.92,69.3,142.9,105.5,0
2026-09-17 16:54:23.956882,GEN-01,1.58,62.9,172.1,102.8,0
2026-09-17 17:54:23.956882,GEN-01,1.97,61.8,153.3,103.2,0
2026-09-17 18:54:23.956882,GEN-01,2.33,64.8,141.6,100.7,0
2026-09-17 19:54:23.956882,GEN-01,2.21,64.8,166.5,102.6,0
2026-09-17 20:54:23.956882,GEN-01,2.42,67.3,170.8,96.0,0
2026-09-17 21:54:23.956882,GEN-01,1.91,62.7,149.7,98.5,0
2026-09-17 22:54:23.956882,GEN-01,2.4,69.1,145.0,101.0,0
2026-09-17 23:54:23.956882,GEN-01,1.94,70.9,148.3,101.4,0
2026-09-18 00:54:23.956882,GEN-01,2.44,64.9,157.1,101.6,0
2026-09-18 01:54:23.956882,GEN-01,1.99,68.7,162.8,99.3,0
2026-09-18 02:54:23.956882,GEN-01,2.21,61.8,155.7,98.1,0
2026-09-18 03:54:23.956882,GEN-01,2.44,68.2,151.0,115.8,0
2026-09-18 04:54:23.956882,GEN-01,1.94,68.1,165.0,104.5,0
2026-09-18 05:54:23.956882,GEN-01,2.07,67.6,146.9,102.1,0
2026-09-18 06:54:23.956882,GEN-01,2.39,65.0,160.3,98.8,0
2026-09-18 07:54:23.956882,GEN-01,1.96,56.1,147.1,97.7,0
2026-09-18 08:54:23.956882,GEN-01,1.6,63.1,154.3,99.3,0
2026-09-18 09:54:23.956882,GEN-01,2.64,63.1,148.9,101.5,0
2026-09-18 10:54:23.956882,GEN-01,1.86,62.1,149.4,90.6,0
2026-09-18 11:54:23.956882,GEN-01,2.05,65.4,146.2,92.2,0
2026-09-18 12:54:23.956882,GEN-01,2.35,63.7,163.4,96.8,0
2026-09-18 13:54:23.956882,GEN-01,1.82,62.5,142.7,101.0,0
2026-09-18 14:54:23.956882,GEN-01,1.7,61.8,142.6,98.8,0
2026-09-18 15:54:23.956882,GEN-01,2.08,62.9,171.2,107.4,0
2026-09-18 16:54:23.956882,GEN-01,1.46,68.4,159.8,92.6,0
2026-09-18 17:54:23.956882,GEN-01,1.91,63.0,126.1,96.2,0
2026-09-18 18:54:23.956882,GEN-01,2.07,63.5,144.3,107.6,0
2026-09-18 19:54:23.956882,GEN-01,1.92,63.6,131.9,100.7,0
2026-09-18 20:54:23.956882,GEN-01,1.54,66.0,140.5,104.4,0
2026-09-18 21:54:23.956882,GEN-01,2.48,66.4,118.6,110.3,0
2026-09-18 22:54:23.956882,GEN-01,2.03,55.9,148.6,96.5,0
2026-09-18 23:54:23.956882,GEN-01,2.43,68.1,138.6,99.5,0
2026-09-19 00:54:23.956882,GEN-01,1.92,69.3,150.6,98.6,0
2026-09-19 01:54:23.956882,GEN-01,1.74,61.8,133.7,90.2,0
2026-09-19 02:54:23.956882,GEN-01,2.08,62.1,150.8,98.4,0
2026-09-19 03:54:23.956882,GEN-01,1.94,63.6,145.9,104.4,0
2026-09-19 04:54:23.956882,GEN-01,1.65,62.7,165.0,102.7,0
2026-09-19 05:54:23.956882,GEN-01,2.44,65.7,164.1,103.1,0
2026-09-19 06:54:23.956882,GEN-01,1.81,59.2,157.9,98.1,0
2026-09-19 07:54:23.956882,GEN-01,1.45,61.6,146.7,96.7,0
2026-09-19 08:54:23.956882,GEN-01,2.4,69.6,169.9,106.3,0
2026-09-19 09:54:23.956882,GEN-01,1.85,62.2,134.5,97.5,0
2026-09-19 10:54:23.956882,GEN-01,1.82,68.7,136.0,101.5,0
2026-09-19 11:54:23.956882,GEN-01,1.47,66.1,149.2,100.8,0
2026-09-19 12:54:23.956882,GEN-01,2.52,59.6,172.5,107.3,0
2026-09-19 13:54:23.956882,GEN-01,1.61,66.9,148.0,104.9,0
2026-09-19 14:54:23.956882,GEN-01,2.02,64.6,148.2,93.5,0
2026-09-19 15:54:23.956882,GEN-01,2.27,63.6,135.6,94.1,0
2026-09-19 16:54:23.956882,GEN-01,2.13,65.7,159.5,102.9,0
2026-09-19 17:54:23.956882,GEN-01,1.98,66.4,159.5,99.7,0
2026-09-19 18:54:23.956882,GEN-01,1.49,67.1,157.9,97.7,0
2026-09-19 19:54:23.956882,GEN-01,1.76,68.5,143.7,105.1,0
2026-09-19 20:54:23.956882,GEN-01,2.06,66.2,142.9,100.9,0
2026-09-19 21:54:23.956882,GEN-01,1.76,60.9,137.1,100.3,0
2026-09-19 22:54:23.956882,GEN-01,2.06,63.6,150.8,103.9,0
2026-09-19 23:54:23.956882,GEN-01,2.2,73.8,139.2,98.1,0
2026-09-20 00:54:23.956882,GEN-01,2.29,67.2,138.2,107.8,0
2026-09-20 01:54:23.956882,GEN-01,1.63,72.1,145.8,96.1,0
2026-09-20 02:54:23.956882,GEN-01,2.66,69.2,145.1,103.3,0
2026-09-20 03:54:23.956882,GEN-01,2.23,65.7,144.6,107.2,0
2026-09-20 04:54:23.956882,GEN-01,2.0,65.9,154.7,93.1,0
2026-09-20 05:54:23.956882,GEN-01,2.33,64.9,150.8,98.3,0
2026-09-20 06:54:23.956882,GEN-01,2.71,59.8,147.1,105.7,0
2026-09-20 07:54:23.956882,GEN-01,1.57,65.1,151.8,105.8,0
2026-09-20 08:54:23.956882,GEN-01,1.93,68.6,140.1,99.1,0
2026-09-20 09:54:23.956882,GEN-01,1.29,63.2,151.1,96.3,0
2026-09-20 10:54:23.956882,GEN-01,2.06,66.2,151.5,104.8,0
2026-09-20 11:54:23.956882,GEN-01,2.11,67.6,135.0,105.9,0
2026-09-20 12:54:23.956882,GEN-01,1.99,62.3,160.0,94.2,0
2026-09-20 13:54:23.956882,GEN-01,1.8,63.6,141.2,94.0,0
2026-09-20 14:54:23.956882,GEN-01,1.39,61.9,150.9,101.1,0
2026-09-20 15:54:23.956882,GEN-01,2.11,62.5,161.6,103.1,0
2026-09-20 16:54:23.956882,GEN-01,2.44,61.1,159.3,98.5,0
2026-09-20 17:54:23.956882,GEN-01,1.82,62.3,150.3,103.4,0
2026-09-20 18:54:23.956882,GEN-01,2.13,69.3,146.4,96.4,0
2026-09-20 19:54:23.956882,GEN-01,1.53,62.3,159.5,89.4,0
2026-09-20 20:54:23.956882,GEN-01,2.14,65.4,156.7,97.9,0
2026-09-20 21:54:23.956882,GEN-01,1.88,63.5,143.8,100.3,0
2026-09-20 22:54:23.956882,GEN-01,1.77,68.5,142.1,98.6,0
2026-09-20 23:54:23.956882,GEN-01,1.77,68.9,129.3,94.2,0
2026-09-21 00:54:23.956882,GEN-01,1.88,67.6,151.5,90.9,0
2026-09-21 01:54:23.956882,GEN-01,2.11,65.9,149.2,97.4,0
2026-09-21 02:54:23.956882,GEN-01,1.61,64.3,161.4,104.5,0
2026-09-21 03:54:23.956882,GEN-01,1.88,61.4,153.6,106.3,0
2026-09-21 04:54:23.956882,GEN-01,1.99,70.8,163.3,105.9,0
2026-09-21 05:54:23.956882,GEN-01,1.67,62.7,143.0,95.9,0
2026-09-21 06:54:23.956882,GEN-01,2.54,67.0,161.4,94.2,0
2026-09-21 07:54:23.956882,GEN-01,1.74,68.2,144.7,102.5,0
2026-09-21 08:54:23.956882,GEN-01,1.8,63.3,157.8,103.2,0
2026-09-21 09:54:23.956882,GEN-01,1.71,68.1,135.4,102.0,0
2026-09-21 10:54:23.956882,GEN-01,2.54,67.3,152.4,89.9,0
2026-09-21 11:54:23.956882,GEN-01,2.17,70.2,130.2,95.7,0
2026-09-21 12:54:23.956882,GEN-01,1.72,63.6,147.3,99.9,0
2026-09-21 13:54:23.956882,GEN-01,2.33,61.1,154.4,102.4,0
2026-09-21 14:54:23.956882,GEN-01,2.06,63.5,144.8,103.8,0
2026-09-21 15:54:23.956882,GEN-01,2.08,65.6,139.5,100.7,0
2026-09-21 16:54:23.956882,GEN-01,1.9,65.2,158.5,101.7,0
2026-09-21 17:54:23.956882,GEN-01,1.78,63.8,149.0,100.4,0
2026-09-21 18:54:23.956882,GEN-01,2.1,59.3,145.1,103.4,0
2026-09-21 19:54:23.956882,GEN-01,1.84,66.4,150.4,101.6,0
2026-09-21 20:54:23.956882,GEN-01,2.55,70.9,176.4,100.3,0
2026-09-21 21:54:23.956882,GEN-01,1.62,66.4,161.5,98.7,0
2026-09-21 22:54:23.956882,GEN-01,2.46,66.8,161.6,100.4,0
2026-09-21 23:54:23.956882,GEN-01,1.97,66.7,154.4,102.4,0
2026-09-22 00:54:23.956882,GEN-01,2.09,66.2,151.7,101.3,0
2026-09-22 01:54:23.956882,GEN-01,2.25,67.8,126.0,101.9,0
2026-09-22 02:54:23.956882,GEN-01,1.81,66.2,143.2,106.7,0
2026-09-22 03:54:23.956882,GEN-01,2.26,64.1,145.2,101.3,0
2026-09-22 04:54:23.956882,GEN-01,1.19,62.6,131.3,96.8,0
2026-09-22 05:54:23.956882,GEN-01,1.78,64.3,138.4,104.4,0
2026-09-22 06:54:23.956882,GEN-01,1.72,65.9,130.2,93.2,0
2026-09-22 07:54:23.956882,GEN-01,1.62,64.1,149.6,94.6,0
2026-09-22 08:54:23.956882,GEN-01,1.94,65.9,158.2,101.7,0
2026-09-22 09:54:23.956882,GEN-01,2.12,66.3,161.1,102.6,0
2026-09-22 10:54:23.956882,GEN-01,2.21,67.5,154.1,93.8,0
2026-09-22 11:54:23.956882,GEN-01,2.07,68.8,140.4,98.1,0
2026-09-22 12:54:23.956882,GEN-01,1.8,65.2,130.7,97.0,0
2026-09-22 13:54:23.956882,GEN-01,2.11,61.1,132.4,97.6,0
2026-09-22 14:54:23.956882,GEN-01,2.04,64.0,137.3,104.7,0
2026-09-22 15:54:23.956882,GEN-01,2.28,65.1,141.1,103.5,0
2026-09-22 16:54:23.956882,GEN-01,2.23,59.5,148.4,99.9,0
2026-09-22 17:54:23.956882,GEN-01,2.01,69.2,139.9,97.3,0
2026-09-22 18:54:23.956882,GEN-01,1.73,65.4,153.4,93.3,0
2026-09-22 19:54:23.956882,GEN-01,1.8,66.1,147.7,107.1,0
2026-09-22 20:54:23.956882,GEN-01,1.84,69.1,150.1,103.0,0
2026-09-22 21:54:23.956882,GEN-01,1.91,63.1,161.4,96.5,0
2026-09-22 22:54:23.956882,GEN-01,2.08,66.7,138.2,103.6,0
2026-09-22 23:54:23.956882,GEN-01,2.21,64.7,154.2,99.6,0
2026-09-23 00:54:23.956882,GEN-01,1.98,64.4,149.9,98.6,0
2026-09-23 01:54:23.956882,GEN-01,2.0,62.7,146.7,102.2,0
2026-09-23 02:54:23.956882,GEN-01,2.04,70.0,158.9,96.3,0
2026-09-23 03:54:23.956882,GEN-01,1.85,63.9,158.8,98.3,0
2026-09-23 04:54:23.956882,GEN-01,1.72,67.1,140.5,100.6,0
2026-09-23 05:54:23.956882,GEN-01,1.47,59.4,148.2,97.5,0
2026-09-23 06:54:23.956882,GEN-01,1.79,68.5,152.8,103.3,0
2026-09-23 07:54:23.956882,GEN-01,2.14,68.2,147.3,109.3,0
2026-09-23 08:54:23.956882,GEN-01,1.79,65.3,155.9,96.2,0
2026-09-23 09:54:23.956882,GEN-01,1.93,64.3,152.8,91.7,0
2026-09-23 10:54:23.956882,GEN-01,2.14,66.2,168.3,90.0,0
2026-09-23 11:54:23.956882,GEN-01,2.16,71.9,134.7,99.2,0
2026-09-23 12:54:23.956882,GEN-01,1.68,59.7,148.8,96.7,0
2026-09-23 13:54:23.956882,GEN-01,2.3,67.3,140.9,101.0,0
2026-09-23 14:54:23.956882,GEN-01,2.34,62.3,156.0,100.7,0
2026-09-23 15:54:23.956882,GEN-01,1.66,64.9,133.8,92.0,0
2026-09-23 16:54:23.956882,GEN-01,1.75,64.3,153.5,90.9,0
2026-09-23 17:54:23.956882,GEN-01,2.36,63.7,143.7,101.5,0
2026-09-23 18:54:23.956882,GEN-01,1.96,65.0,142.7,100.7,0
2026-09-23 19:54:23.956882,GEN-01,1.33,61.6,135.5,97.9,0
2026-09-23 20:54:23.956882,GEN-01,1.58,68.1,145.3,91.7,0
2026-09-23 21:54:23.956882,GEN-01,1.93,59.6,160.8,102.4,0
2026-09-23 22:54:23.956882,GEN-01,1.65,66.6,149.7,106.4,0
2026-09-23 23:54:23.956882,GEN-01,1.88,64.0,156.3,101.4,0
2026-09-24 00:54:23.956882,GEN-01,2.01,61.5,166.6,95.8,0
2026-09-24 01:54:23.956882,GEN-01,2.44,65.6,152.6,100.2,0
2026-09-24 02:54:23.956882,GEN-01,1.91,60.3,144.4,93.2,0
2026-09-24 03:54:23.956882,GEN-01,2.32,65.1,154.7,105.3,0
2026-09-24 04:54:23.956882,GEN-01,2.43,60.7,144.6,100.4,0
2026-09-24 05:54:23.956882,GEN-01,2.43,66.4,145.0,91.2,0
2026-09-24 06:54:23.956882,GEN-01,2.09,62.2,134.8,98.5,0
2026-09-24 07:54:23.956882,GEN-01,1.41,63.6,159.3,102.3,0
2026-09-24 08:54:23.956882,GEN-01,2.14,65.9,146.1,98.3,0
2026-09-24 09:54:23.956882,GEN-01,2.31,62.7,151.8,98.6,0
2026-09-24 10:54:23.956882,GEN-01,1.98,64.8,139.6,93.9,0
2026-09-24 11:54:23.956882,GEN-01,2.52,60.5,154.4,102.8,0
2026-09-24 12:54:23.956882,GEN-01,2.26,66.9,142.4,96.8,0
2026-09-24 13:54:23.956882,GEN-01,2.17,70.3,148.6,89.2,0
2026-09-24 14:54:23.956882,GEN-01,2.33,73.4,158.8,98.1,0
2026-09-24 15:54:23.956882,GEN-01,2.1,65.3,157.9,104.9,0
2026-09-24 16:54:23.956882,GEN-01,1.25,67.4,149.8,98.1,0
2026-09-24 17:54:23.956882,GEN-01,1.85,59.7,132.3,108.7,0
2026-09-24 18:54:23.956882,GEN-01,2.36,69.5,179.9,102.1,0
2026-09-24 19:54:23.956882,GEN-01,1.76,67.3,167.5,101.7,0
2026-09-24 20:54:23.956882,GEN-01,1.93,63.5,157.2,99.4,0
2026-09-24 21:54:23.956882,GEN-01,1.69,68.7,142.5,99.7,0
2026-09-24 22:54:23.956882,GEN-01,2.54,64.2,148.9,98.7,0
2026-09-24 23:54:23.956882,GEN-01,2.5,63.6,144.6,98.5,0
2026-09-25 00:54:23.956882,GEN-01,1.73,66.4,162.6,102.7,0
2026-09-25 01:54:23.956882,GEN-01,2.04,61.8,152.6,95.3,0
2026-09-25 02:54:23.956882,GEN-01,1.8,68.1,142.2,94.6,0
2026-09-25 03:54:23.956882,GEN-01,2.18,61.8,145.3,94.4,0
2026-09-25 04:54:23.956882,GEN-01,2.15,61.8,161.2,110.2,0
2026-09-25 05:54:23.956882,GEN-01,2.24,62.3,166.0,102.7,0
2026-09-25 06:54:23.956882,GEN-01,2.1,67.3,165.3,101.5,0
2026-09-25 07:54:23.956882,GEN-01,2.88,63.1,157.6,94.7,0
2026-09-25 08:54:23.956882,GEN-01,1.69,61.0,147.5,103.1,0
2026-09-25 09:54:23.956882,GEN-01,1.49,63.2,117.6,99.4,0
2026-09-25 10:54:23.956882,GEN-01,1.88,64.9,153.0,101.1,0
2026-09-25 11:54:23.956882,GEN-01,1.53,61.5,150.0,95.1,0
2026-09-25 12:54:23.956882,GEN-01,1.55,61.5,151.4,100.8,0
2026-09-25 13:54:23.956882,GEN-01,1.7,71.3,150.5,97.9,0
2026-09-25 14:54:23.956882,GEN-01,1.72,62.4,136.7,96.2,0
2026-09-25 15:54:23.956882,GEN-01,1.71,64.0,155.6,103.7,0
2026-09-25 16:54:23.956882,GEN-01,2.16,63.9,156.3,92.3,0
2026-09-25 17:54:23.956882,GEN-01,1.85,63.7,156.8,102.8,0
2026-09-25 18:54:23.956882,GEN-01,1.95,66.9,159.5,103.4,0
2026-09-25 19:54:23.956882,GEN-01,2.27,67.8,156.0,95.6,0
2026-09-25 20:54:23.956882,GEN-01,1.77,64.1,145.9,95.9,0
2026-09-25 21:54:23.956882,GEN-01,1.92,61.3,149.3,98.9,0
2026-09-25 22:54:23.956882,GEN-01,2.11,68.8,150.9,101.4,0
2026-09-25 23:54:23.956882,GEN-01,1.42,64.7,151.1,99.2,0
2026-09-26 00:54:23.956882,GEN-01,1.28,70.2,160.0,102.2,0
2026-09-26 01:54:23.956882,GEN-01,2.1,58.3,156.4,108.8,0
2026-09-26 02:54:23.956882,GEN-01,2.15,65.6,170.8,97.5,0
2026-09-26 03:54:23.956882,GEN-01,2.62,70.8,172.1,91.4,0
2026-09-26 04:54:23.956882,GEN-01,2.05,63.9,150.8,104.1,0
2026-09-26 05:54:23.956882,GEN-01,2.25,64.3,111.6,108.4,0
2026-09-26 06:54:23.956882,GEN-01,1.94,65.9,162.4,102.0,0
2026-09-26 07:54:23.956882,GEN-01,2.09,63.3,144.6,94.6,0
2026-09-26 08:54:23.956882,GEN-01,2.5,64.1,142.0,99.4,0
2026-09-26 09:54:23.956882,GEN-01,1.36,64.0,146.0,94.4,0
2026-09-26 10:54:23.956882,GEN-01,2.12,63.1,145.5,103.2,0
2026-09-26 11:54:23.956882,GEN-01,2.64,68.7,156.1,93.2,0
2026-09-26 12:54:23.956882,GEN-01,2.08,66.4,134.4,98.5,0
2026-09-26 13:54:23.956882,GEN-01,2.5,65.8,139.2,95.0,0
2026-09-26 14:54:23.956882,GEN-01,1.81,67.4,153.4,100.6,0
2026-09-26 15:54:23.956882,GEN-01,1.99,64.2,156.2,98.2,0
2026-09-26 16:54:23.956882,GEN-01,2.01,62.7,156.4,100.9,0
2026-09-26 17:54:23.956882,GEN-01,1.33,63.2,142.1,100.1,0
2026-09-26 18:54:23.956882,GEN-01,1.65,65.0,140.2,95.1,0
2026-09-26 19:54:23.956882,GEN-01,1.67,61.8,144.9,103.1,0
2026-09-26 20:54:23.956882,GEN-01,2.25,63.5,152.4,99.8,0
2026-09-26 21:54:23.956882,GEN-01,2.26,63.5,164.9,95.1,0
2026-09-26 22:54:23.956882,GEN-01,2.1,71.4,129.5,111.2,0
2026-09-26 23:54:23.956882,GEN-01,2.25,56.7,147.8,102.4,0
2026-09-27 00:54:23.956882,GEN-01,1.95,64.5,136.7,99.2,0
2026-09-27 01:54:23.956882,GEN-01,2.36,70.2,133.5,107.1,0
2026-09-27 02:54:23.956882,GEN-01,2.0,65.4,159.7,109.2,0
2026-09-27 03:54:23.956882,GEN-01,2.02,67.3,155.4,99.3,0
2026-09-27 04:54:23.956882,GEN-01,1.92,65.3,154.5,101.7,0
2026-09-27 05:54:23.956882,GEN-01,2.21,63.0,159.2,95.1,0
2026-09-27 06:54:23.956882,GEN-01,1.87,58.3,145.2,99.3,0
2026-09-27 07:54:23.956882,GEN-01,2.29,65.6,145.7,99.0,0
2026-09-27 08:54:23.956882,GEN-01,1.66,62.7,171.9,100.9,0
2026-09-27 09:54:23.956882,GEN-01,1.67,62.6,147.5,101.7,0
2026-09-27 10:54:23.956882,GEN-01,2.21,63.5,157.4,102.8,0
2026-09-27 11:54:23.956882,GEN-01,1.97,70.2,150.1,101.2,0
2026-09-27 12:54:23.956882,GEN-01,1.86,72.2,131.5,93.9,0
2026-09-27 13:54:23.956882,GEN-01,2.27,65.7,129.6,95.3,0
2026-09-27 14:54:23.956882,GEN-01,1.82,63.6,144.2,97.3,0
2026-09-27 15:54:23.956882,GEN-01,1.94,61.5,160.6,98.6,0
2026-09-27 16:54:23.956882,GEN-01,2.42,66.4,157.9,105.3,0
2026-09-27 17:54:23.956882,GEN-01,2.46,70.3,159.1,94.2,0
2026-09-27 18:54:23.956882,GEN-01,2.47,64.3,140.1,98.2,0
2026-09-27 19:54:23.956882,GEN-01,1.92,57.9,166.2,104.8,0
2026-09-27 20:54:23.956882,GEN-01,2.37,67.0,140.4,98.5,0
2026-09-27 21:54:23.956882,GEN-01,1.72,68.0,152.1,102.3,0
2026-09-27 22:54:23.956882,GEN-01,1.73,60.2,149.9,99.3,0
2026-09-27 23:54:23.956882,GEN-01,1.29,65.5,148.3,101.3,0
2026-09-28 00:54:23.956882,GEN-01,2.5,66.4,163.4,98.9,0
2026-09-28 01:54:23.956882,GEN-01,1.74,64.8,142.9,103.3,0
2026-09-28 02:54:23.956882,GEN-01,1.96,62.6,136.5,92.3,0
2026-09-28 03:54:23.956882,GEN-01,1.73,68.0,150.2,98.2,0
2026-09-28 04:54:23.956882,GEN-01,2.21,63.8,146.0,101.5,0
2026-09-28 05:54:23.956882,GEN-01,1.89,60.5,183.8,102.7,0
2026-09-28 06:54:23.956882,GEN-01,1.61,58.9,156.8,107.5,0
2026-09-28 07:54:23.956882,GEN-01,2.13,68.8,145.9,98.0,0
2026-09-28 08:54:23.956882,GEN-01,1.57,66.8,139.4,107.4,0
2026-09-28 09:54:23.956882,GEN-01,1.75,65.3,131.2,96.7,0
2026-09-28 10:54:23.956882,GEN-01,1.37,63.7,139.7,106.6,0
2026-09-28 11:54:23.956882,GEN-01,1.57,63.4,151.1,104.1,0
2026-09-28 12:54:23.956882,GEN-01,2.05,61.8,164.3,95.4,0
2026-09-28 13:54:23.956882,GEN-01,1.41,63.7,161.2,101.5,0
2026-09-28 14:54:23.956882,GEN-01,1.56,58.6,152.3,99.7,0
2026-09-28 15:54:23.956882,GEN-01,2.0,62.8,146.8,103.1,0
2026-09-28 16:54:23.956882,GEN-01,1.84,64.1,152.7,98.9,0
2026-09-28 17:54:23.956882,GEN-01,2.6,66.8,144.8,98.5,0
2026-09-28 18:54:23.956882,GEN-01,2.55,64.9,167.2,106.8,0
2026-09-28 19:54:23.956882,GEN-01,1.74,67.4,148.1,99.5,0
2026-09-28 20:54:23.956882,GEN-01,2.17,69.0,149.1,104.1,0
2026-09-28 21:54:23.956882,GEN-01,2.22,68.2,127.8,98.9,0
2026-09-28 22:54:23.956882,GEN-01,1.82,66.4,148.0,108.3,0
2026-09-28 23:54:23.956882,GEN-01,1.55,65.0,158.4,96.6,0
2026-09-29 00:54:23.956882,GEN-01,2.0,62.1,139.3,96.9,0
2026-09-29 01:54:23.956882,GEN-01,1.95,67.2,142.5,107.6,0
2026-09-29 02:54:23.956882,GEN-01,1.87,70.0,157.9,97.8,0
2026-09-29 03:54:23.956882,GEN-01,2.13,66.0,135.2,108.0,0
2026-09-29 04:54:23.956882,GEN-01,1.77,70.8,160.6,104.5,0
2026-09-29 05:54:23.956882,GEN-01,1.65,60.4,144.7,99.2,0
2026-09-29 06:54:23.956882,GEN-01,2.03,61.5,146.1,90.9,0
2026-09-29 07:54:23.956882,GEN-01,2.12,67.6,138.8,99.9,0
2026-09-29 08:54:23.956882,GEN-01,1.65,65.8,153.8,100.5,0
2026-09-29 09:54:23.956882,GEN-01,2.28,68.9,174.6,105.8,0
2026-09-29 10:54:23.956882,GEN-01,1.47,65.0,157.8,107.9,0
2026-09-29 11:54:23.956882,GEN-01,1.83,62.4,141.4,96.6,0
2026-09-29 12:54:23.956882,GEN-01,1.92,64.4,161.4,104.0,0
2026-09-29 13:54:23.956882,GEN-01,1.81,60.4,146.8,103.8,0
2026-09-29 14:54:23.956882,GEN-01,1.83,61.6,163.7,105.4,0
2026-09-29 15:54:23.956882,GEN-01,2.56,67.9,158.1,102.5,0
2026-09-29 16:54:23.956882,GEN-01,1.74,67.6,120.6,90.3,0
2026-09-29 17:54:23.956882,GEN-01,2.73,66.1,140.0,99.2,0
2026-09-29 18:54:23.956882,GEN-01,2.13,59.8,159.4,94.2,0
2026-09-29 19:54:23.956882,GEN-01,2.03,63.9,151.5,99.0,0
2026-09-29 20:54:23.956882,GEN-01,2.14,61.3,139.8,104.9,0
2026-09-29 21:54:23.956882,GEN-01,2.76,68.5,143.7,101.5,0
2026-09-29 22:54:23.956882,GEN-01,1.7,63.2,130.9,105.7,0
2026-09-29 23:54:23.956882,GEN-01,1.66,61.7,149.1,101.7,0
2026-09-30 00:54:23.956882,GEN-01,1.77,65.1,172.1,93.5,0
2026-09-30 01:54:23.956882,GEN-01,2.01,63.1,158.0,87.4,0
2026-09-30 02:54:23.956882,GEN-01,1.48,69.5,171.9,100.7,0
2026-09-30 03:54:23.956882,GEN-01,2.01,62.8,158.8,98.9,0
2026-09-30 04:54:23.956882,GEN-01,2.51,60.8,160.3,95.1,0
2026-09-30 05:54:23.956882,GEN-01,2.05,58.5,169.7,91.5,0
2026-09-30 06:54:23.956882,GEN-01,1.91,64.9,153.8,96.3,0
2026-09-30 07:54:23.956882,GEN-01,1.81,63.3,148.1,99.0,0
2026-09-30 08:54:23.956882,GEN-01,2.27,60.7,160.3,103.3,0
2026-09-30 09:54:23.956882,GEN-01,1.75,68.6,164.5,100.9,0
2026-09-30 10:54:23.956882,GEN-01,2.55,67.0,145.2,108.0,0
2026-09-30 11:54:23.956882,GEN-01,2.58,64.9,142.8,94.8,0
2026-09-30 12:54:23.956882,GEN-01,2.08,69.1,151.4,104.4,0
2026-08-31 13:54:23.956882,CWP-01,2.01,66.7,147.3,97.7,0
2026-08-31 14:54:23.956882,CWP-01,2.21,67.0,142.9,94.8,0
2026-08-31 15:54:23.956882,CWP-01,1.87,64.6,141.8,105.0,0
2026-08-31 16:54:23.956882,CWP-01,2.32,61.5,161.6,102.7,0
2026-08-31 17:54:23.956882,CWP-01,2.09,63.0,162.2,104.1,0
2026-08-31 18:54:23.956882,CWP-01,1.8,68.5,159.5,91.4,0
2026-08-31 19:54:23.956882,CWP-01,2.0,63.5,155.2,99.2,0
2026-08-31 20:54:23.956882,CWP-01,1.93,65.4,150.9,98.6,0
2026-08-31 21:54:23.956882,CWP-01,2.15,61.8,145.0,98.6,0
2026-08-31 22:54:23.956882,CWP-01,1.65,66.0,140.5,96.9,0
2026-08-31 23:54:23.956882,CWP-01,1.99,63.6,153.6,98.3,0
2026-09-01 00:54:23.956882,CWP-01,2.12,68.1,138.3,104.2,0
2026-09-01 01:54:23.956882,CWP-01,2.01,67.3,140.1,90.4,0
2026-09-01 02:54:23.956882,CWP-01,2.4,63.5,161.5,108.9,0
2026-09-01 03:54:23.956882,CWP-01,2.23,64.6,169.0,102.4,0
2026-09-01 04:54:23.956882,CWP-01,2.0,63.3,153.9,99.8,0
2026-09-01 05:54:23.956882,CWP-01,2.07,60.7,161.1,104.5,0
2026-09-01 06:54:23.956882,CWP-01,2.09,62.4,147.5,92.7,0
2026-09-01 07:54:23.956882,CWP-01,2.12,65.6,136.6,96.7,0
2026-09-01 08:54:23.956882,CWP-01,1.45,66.0,156.1,99.4,0
2026-09-01 09:54:23.956882,CWP-01,1.91,65.4,155.7,106.8,0
2026-09-01 10:54:23.956882,CWP-01,1.55,64.1,150.7,99.8,0
2026-09-01 11:54:23.956882,CWP-01,2.38,67.8,147.6,102.3,0
2026-09-01 12:54:23.956882,CWP-01,1.98,65.2,159.6,97.1,0
2026-09-01 13:54:23.956882,CWP-01,1.94,67.1,140.1,102.4,0
2026-09-01 14:54:23.956882,CWP-01,2.27,59.7,142.3,108.4,0
2026-09-01 15:54:23.956882,CWP-01,2.13,53.2,139.9,105.0,0
2026-09-01 16:54:23.956882,CWP-01,1.66,65.9,150.8,99.6,0
2026-09-01 17:54:23.956882,CWP-01,1.98,60.7,139.1,103.4,0
2026-09-01 18:54:23.956882,CWP-01,1.9,64.4,143.2,102.9,0
2026-09-01 19:54:23.956882,CWP-01,1.48,64.1,142.9,102.5,0
2026-09-01 20:54:23.956882,CWP-01,1.79,69.8,147.4,105.6,0
2026-09-01 21:54:23.956882,CWP-01,1.94,66.2,135.1,105.5,0
2026-09-01 22:54:23.956882,CWP-01,1.97,65.5,150.9,99.4,0
2026-09-01 23:54:23.956882,CWP-01,1.56,67.5,162.5,103.2,0
2026-09-02 00:54:23.956882,CWP-01,2.35,66.1,151.4,98.1,0
2026-09-02 01:54:23.956882,CWP-01,1.97,63.6,165.4,95.4,0
2026-09-02 02:54:23.956882,CWP-01,2.01,68.2,163.3,98.7,0
2026-09-02 03:54:23.956882,CWP-01,2.12,61.7,157.8,99.6,0
2026-09-02 04:54:23.956882,CWP-01,1.76,66.0,150.7,91.7,0
2026-09-02 05:54:23.956882,CWP-01,2.14,60.4,150.2,104.3,0
2026-09-02 06:54:23.956882,CWP-01,1.89,65.6,157.6,86.2,0
2026-09-02 07:54:23.956882,CWP-01,1.73,65.6,146.1,113.6,0
2026-09-02 08:54:23.956882,CWP-01,2.17,70.0,131.2,107.5,0
2026-09-02 09:54:23.956882,CWP-01,2.45,60.3,154.9,98.7,0
2026-09-02 10:54:23.956882,CWP-01,2.22,63.2,138.7,100.0,0
2026-09-02 11:54:23.956882,CWP-01,2.28,67.5,140.4,101.5,0
2026-09-02 12:54:23.956882,CWP-01,1.84,66.0,150.0,97.1,0
2026-09-02 13:54:23.956882,CWP-01,1.52,65.5,149.0,101.0,0
2026-09-02 14:54:23.956882,CWP-01,2.45,62.1,135.9,99.3,0
2026-09-02 15:54:23.956882,CWP-01,2.62,63.2,151.7,99.5,0
2026-09-02 16:54:23.956882,CWP-01,2.46,68.7,159.7,100.9,0
2026-09-02 17:54:23.956882,CWP-01,1.9,64.8,138.7,93.4,0
2026-09-02 18:54:23.956882,CWP-01,1.65,66.1,162.7,100.2,0
2026-09-02 19:54:23.956882,CWP-01,1.68,64.7,134.4,100.8,0
2026-09-02 20:54:23.956882,CWP-01,1.49,61.5,171.2,100.6,0
2026-09-02 21:54:23.956882,CWP-01,1.97,67.8,145.9,98.9,0
2026-09-02 22:54:23.956882,CWP-01,2.48,66.5,151.5,105.7,0
2026-09-02 23:54:23.956882,CWP-01,1.96,71.9,131.1,98.2,0
2026-09-03 00:54:23.956882,CWP-01,2.09,62.0,149.4,101.1,0
2026-09-03 01:54:23.956882,CWP-01,2.41,67.5,152.3,106.5,0
2026-09-03 02:54:23.956882,CWP-01,1.88,61.1,149.1,99.6,0
2026-09-03 03:54:23.956882,CWP-01,2.61,65.5,144.4,101.1,0
2026-09-03 04:54:23.956882,CWP-01,2.6,67.9,140.5,99.5,0
2026-09-03 05:54:23.956882,CWP-01,1.96,58.8,161.3,106.2,0
2026-09-03 06:54:23.956882,CWP-01,1.83,64.4,150.3,98.7,0
2026-09-03 07:54:23.956882,CWP-01,2.21,63.3,165.4,106.4,0
2026-09-03 08:54:23.956882,CWP-01,1.9,62.9,144.7,99.5,0
2026-09-03 09:54:23.956882,CWP-01,1.65,66.2,145.7,95.7,0
2026-09-03 10:54:23.956882,CWP-01,2.38,68.4,158.2,103.4,0
2026-09-03 11:54:23.956882,CWP-01,2.36,64.6,133.8,98.5,0
2026-09-03 12:54:23.956882,CWP-01,2.05,65.6,137.9,103.1,0
2026-09-03 13:54:23.956882,CWP-01,1.62,65.3,161.0,86.4,0
2026-09-03 14:54:23.956882,CWP-01,1.63,65.0,138.3,100.0,0
2026-09-03 15:54:23.956882,CWP-01,2.03,61.7,131.8,97.7,0
2026-09-03 16:54:23.956882,CWP-01,1.85,68.3,168.7,94.7,0
2026-09-03 17:54:23.956882,CWP-01,1.9,65.9,136.1,97.2,0
2026-09-03 18:54:23.956882,CWP-01,2.31,66.2,151.8,97.1,0
2026-09-03 19:54:23.956882,CWP-01,2.22,62.6,150.7,99.8,0
2026-09-03 20:54:23.956882,CWP-01,2.41,63.6,121.9,93.2,0
2026-09-03 21:54:23.956882,CWP-01,1.7,64.5,147.3,101.6,0
2026-09-03 22:54:23.956882,CWP-01,1.9,60.4,154.5,106.8,0
2026-09-03 23:54:23.956882,CWP-01,2.23,59.9,153.5,101.4,0
2026-09-04 00:54:23.956882,CWP-01,2.13,63.2,159.0,104.0,0
2026-09-04 01:54:23.956882,CWP-01,2.46,66.6,146.1,105.5,0
2026-09-04 02:54:23.956882,CWP-01,2.13,63.0,157.1,106.2,0
2026-09-04 03:54:23.956882,CWP-01,2.55,61.9,143.1,109.4,0
2026-09-04 04:54:23.956882,CWP-01,2.16,62.6,135.9,97.5,0
2026-09-04 05:54:23.956882,CWP-01,2.32,63.6,137.0,96.4,0
2026-09-04 06:54:23.956882,CWP-01,1.9,63.9,135.4,103.9,0
2026-09-04 07:54:23.956882,CWP-01,2.0,71.5,160.1,103.5,0
2026-09-04 08:54:23.956882,CWP-01,2.27,68.2,134.9,103.9,0
2026-09-04 09:54:23.956882,CWP-01,2.48,68.1,152.7,109.4,0
2026-09-04 10:54:23.956882,CWP-01,2.22,68.5,147.3,100.1,0
2026-09-04 11:54:23.956882,CWP-01,1.98,62.0,149.0,102.1,0
2026-09-04 12:54:23.956882,CWP-01,2.41,61.3,163.6,95.1,0
2026-09-04 13:54:23.956882,CWP-01,1.34,61.7,145.6,110.7,0
2026-09-04 14:54:23.956882,CWP-01,1.57,69.0,156.1,98.3,0
2026-09-04 15:54:23.956882,CWP-01,2.2,63.4,150.4,98.5,0
2026-09-04 16:54:23.956882,CWP-01,2.0,61.2,148.5,98.3,0
2026-09-04 17:54:23.956882,CWP-01,2.18,63.7,173.0,96.8,0
2026-09-04 18:54:23.956882,CWP-01,2.02,64.3,135.6,96.4,0
2026-09-04 19:54:23.956882,CWP-01,2.17,65.8,162.9,97.4,0
2026-09-04 20:54:23.956882,CWP-01,1.76,65.8,156.6,93.2,0
2026-09-04 21:54:23.956882,CWP-01,2.17,62.5,145.2,96.1,0
2026-09-04 22:54:23.956882,CWP-01,2.3,67.1,166.3,109.7,0
2026-09-04 23:54:23.956882,CWP-01,2.37,63.1,131.5,103.7,0
2026-09-05 00:54:23.956882,CWP-01,2.6,64.5,144.8,104.6,0
2026-09-05 01:54:23.956882,CWP-01,2.07,67.1,137.9,105.9,0
2026-09-05 02:54:23.956882,CWP-01,2.08,63.1,154.1,109.2,0
2026-09-05 03:54:23.956882,CWP-01,1.54,63.3,138.9,91.1,0
2026-09-05 04:54:23.956882,CWP-01,1.84,66.8,154.3,93.9,0
2026-09-05 05:54:23.956882,CWP-01,1.94,62.4,148.1,96.0,0
2026-09-05 06:54:23.956882,CWP-01,2.32,63.8,145.2,97.7,0
2026-09-05 07:54:23.956882,CWP-01,1.82,66.7,153.9,98.5,0
2026-09-05 08:54:23.956882,CWP-01,2.24,71.2,147.3,97.8,0
2026-09-05 09:54:23.956882,CWP-01,2.0,66.8,139.1,101.1,0
2026-09-05 10:54:23.956882,CWP-01,1.95,66.4,178.0,100.2,0
2026-09-05 11:54:23.956882,CWP-01,2.07,66.6,145.1,96.4,0
2026-09-05 12:54:23.956882,CWP-01,1.88,61.8,127.8,89.1,0
2026-09-05 13:54:23.956882,CWP-01,1.87,65.3,141.6,95.0,0
2026-09-05 14:54:23.956882,CWP-01,1.49,64.9,137.3,97.3,0
2026-09-05 15:54:23.956882,CWP-01,1.93,66.0,158.3,98.8,0
2026-09-05 16:54:23.956882,CWP-01,1.86,65.3,153.2,94.4,0
2026-09-05 17:54:23.956882,CWP-01,1.85,66.1,154.0,97.5,0
2026-09-05 18:54:23.956882,CWP-01,2.13,64.1,146.3,94.3,0
2026-09-05 19:54:23.956882,CWP-01,2.2,65.2,147.2,99.4,0
2026-09-05 20:54:23.956882,CWP-01,2.07,61.3,146.3,94.6,0
2026-09-05 21:54:23.956882,CWP-01,2.3,64.0,149.2,95.8,0
2026-09-05 22:54:23.956882,CWP-01,2.17,69.2,158.4,93.5,0
2026-09-05 23:54:23.956882,CWP-01,1.91,66.0,153.4,99.2,0
2026-09-06 00:54:23.956882,CWP-01,1.86,64.9,155.0,95.7,0
2026-09-06 01:54:23.956882,CWP-01,2.09,70.7,155.0,104.5,0
2026-09-06 02:54:23.956882,CWP-01,2.17,60.9,158.8,102.0,0
2026-09-06 03:54:23.956882,CWP-01,2.42,61.7,152.9,99.7,0
2026-09-06 04:54:23.956882,CWP-01,2.36,70.1,153.6,96.0,0
2026-09-06 05:54:23.956882,CWP-01,1.84,65.1,161.9,101.9,0
2026-09-06 06:54:23.956882,CWP-01,1.97,64.3,143.3,103.5,0
2026-09-06 07:54:23.956882,CWP-01,2.2,61.4,141.4,100.7,0
2026-09-06 08:54:23.956882,CWP-01,2.32,66.3,138.1,108.0,0
2026-09-06 09:54:23.956882,CWP-01,2.28,66.6,151.8,102.3,0
2026-09-06 10:54:23.956882,CWP-01,1.98,61.7,131.5,104.6,0
2026-09-06 11:54:23.956882,CWP-01,1.62,64.6,154.6,100.7,0
2026-09-06 12:54:23.956882,CWP-01,1.7,64.0,148.9,103.4,0
2026-09-06 13:54:23.956882,CWP-01,2.08,65.8,161.3,96.0,0
2026-09-06 14:54:23.956882,CWP-01,2.1,61.6,143.3,97.7,0
2026-09-06 15:54:23.956882,CWP-01,1.67,68.8,148.0,101.7,0
2026-09-06 16:54:23.956882,CWP-01,2.01,67.7,161.2,101.7,0
2026-09-06 17:54:23.956882,CWP-01,2.19,63.9,163.8,102.5,0
2026-09-06 18:54:23.956882,CWP-01,1.65,64.4,143.2,105.5,0
2026-09-06 19:54:23.956882,CWP-01,2.33,64.6,151.8,92.9,0
2026-09-06 20:54:23.956882,CWP-01,1.89,62.7,152.9,95.1,0
2026-09-06 21:54:23.956882,CWP-01,2.38,63.7,153.7,101.1,0
2026-09-06 22:54:23.956882,CWP-01,1.84,64.2,147.4,96.4,0
2026-09-06 23:54:23.956882,CWP-01,1.69,69.8,162.8,116.9,0
2026-09-07 00:54:23.956882,CWP-01,1.86,67.8,131.1,102.6,0
2026-09-07 01:54:23.956882,CWP-01,1.97,67.8,145.8,99.6,0
2026-09-07 02:54:23.956882,CWP-01,1.88,66.1,154.5,97.4,0
2026-09-07 03:54:23.956882,CWP-01,1.94,61.6,154.6,97.6,0
2026-09-07 04:54:23.956882,CWP-01,2.1,64.9,163.5,100.2,0
2026-09-07 05:54:23.956882,CWP-01,1.95,67.9,162.0,100.6,0
2026-09-07 06:54:23.956882,CWP-01,1.98,61.2,147.1,97.7,0
2026-09-07 07:54:23.956882,CWP-01,1.49,66.9,163.0,98.6,0
2026-09-07 08:54:23.956882,CWP-01,2.12,72.0,142.9,106.7,0
2026-09-07 09:54:23.956882,CWP-01,1.97,68.2,159.3,106.9,0
2026-09-07 10:54:23.956882,CWP-01,2.48,69.2,168.1,101.3,0
2026-09-07 11:54:23.956882,CWP-01,1.72,65.7,162.1,93.3,0
2026-09-07 12:54:23.956882,CWP-01,1.46,67.9,151.1,102.7,0
2026-09-07 13:54:23.956882,CWP-01,2.19,62.8,146.7,107.8,0
2026-09-07 14:54:23.956882,CWP-01,2.1,67.4,134.7,106.8,0
2026-09-07 15:54:23.956882,CWP-01,1.7,67.0,153.1,103.7,0
2026-09-07 16:54:23.956882,CWP-01,1.54,65.9,138.8,107.1,0
2026-09-07 17:54:23.956882,CWP-01,2.46,68.9,142.1,100.3,0
2026-09-07 18:54:23.956882,CWP-01,2.42,63.4,138.1,103.1,0
2026-09-07 19:54:23.956882,CWP-01,1.25,64.4,145.4,96.6,0
2026-09-07 20:54:23.956882,CWP-01,1.86,65.3,149.7,101.5,0
2026-09-07 21:54:23.956882,CWP-01,2.5,61.9,152.7,106.6,0
2026-09-07 22:54:23.956882,CWP-01,1.86,65.7,144.0,97.1,0
2026-09-07 23:54:23.956882,CWP-01,1.85,59.8,160.7,95.7,0
2026-09-08 00:54:23.956882,CWP-01,1.92,68.1,147.9,100.5,0
2026-09-08 01:54:23.956882,CWP-01,1.66,65.1,142.1,98.9,0
2026-09-08 02:54:23.956882,CWP-01,1.49,63.4,152.3,103.2,0
2026-09-08 03:54:23.956882,CWP-01,2.32,62.5,169.6,97.7,0
2026-09-08 04:54:23.956882,CWP-01,1.45,64.3,153.4,108.6,0
2026-09-08 05:54:23.956882,CWP-01,2.07,67.1,146.4,93.6,0
2026-09-08 06:54:23.956882,CWP-01,2.27,66.6,134.7,106.3,0
2026-09-08 07:54:23.956882,CWP-01,1.56,62.9,147.8,96.2,0
2026-09-08 08:54:23.956882,CWP-01,1.72,62.5,152.3,91.0,0
2026-09-08 09:54:23.956882,CWP-01,2.36,67.0,146.1,101.2,0
2026-09-08 10:54:23.956882,CWP-01,2.16,62.8,133.3,98.7,0
2026-09-08 11:54:23.956882,CWP-01,1.81,65.2,141.5,94.5,0
2026-09-08 12:54:23.956882,CWP-01,2.36,65.4,164.5,91.6,0
2026-09-08 13:54:23.956882,CWP-01,2.36,65.9,164.3,100.0,0
2026-09-08 14:54:23.956882,CWP-01,2.08,67.6,141.1,104.9,0
2026-09-08 15:54:23.956882,CWP-01,1.73,61.2,156.7,102.9,0
2026-09-08 16:54:23.956882,CWP-01,1.88,59.3,138.2,100.3,0
2026-09-08 17:54:23.956882,CWP-01,2.09,63.3,164.0,102.4,0
2026-09-08 18:54:23.956882,CWP-01,1.94,70.4,152.5,99.9,0
2026-09-08 19:54:23.956882,CWP-01,2.28,71.1,159.5,92.9,0
2026-09-08 20:54:23.956882,CWP-01,1.54,70.5,132.8,92.9,0
2026-09-08 21:54:23.956882,CWP-01,1.55,64.4,156.8,99.0,0
2026-09-08 22:54:23.956882,CWP-01,2.05,59.7,149.9,99.2,0
2026-09-08 23:54:23.956882,CWP-01,1.85,58.0,158.5,104.3,0
2026-09-09 00:54:23.956882,CWP-01,1.81,63.2,159.1,103.8,0
2026-09-09 01:54:23.956882,CWP-01,1.47,64.4,150.7,103.0,0
2026-09-09 02:54:23.956882,CWP-01,2.01,68.9,144.0,98.6,0
2026-09-09 03:54:23.956882,CWP-01,1.98,67.6,157.8,93.1,0
2026-09-09 04:54:23.956882,CWP-01,2.2,65.7,149.4,102.1,0
2026-09-09 05:54:23.956882,CWP-01,2.02,62.3,141.3,102.6,0
2026-09-09 06:54:23.956882,CWP-01,1.96,62.1,140.8,88.1,0
2026-09-09 07:54:23.956882,CWP-01,2.35,65.8,135.2,95.8,0
2026-09-09 08:54:23.956882,CWP-01,1.61,67.1,144.9,96.5,0
2026-09-09 09:54:23.956882,CWP-01,2.16,66.2,161.0,100.6,0
2026-09-09 10:54:23.956882,CWP-01,1.5,61.9,151.8,96.0,0
2026-09-09 11:54:23.956882,CWP-01,1.75,67.0,144.7,99.8,0
2026-09-09 12:54:23.956882,CWP-01,1.64,66.3,158.0,98.9,0
2026-09-09 13:54:23.956882,CWP-01,2.23,61.8,141.7,99.2,0
2026-09-09 14:54:23.956882,CWP-01,1.98,62.6,151.0,96.4,0
2026-09-09 15:54:23.956882,CWP-01,2.0,67.1,148.2,96.8,0
2026-09-09 16:54:23.956882,CWP-01,1.67,64.3,157.8,94.6,0
2026-09-09 17:54:23.956882,CWP-01,1.91,69.8,134.2,101.9,0
2026-09-09 18:54:23.956882,CWP-01,1.77,66.5,141.5,102.9,0
2026-09-09 19:54:23.956882,CWP-01,2.12,63.5,133.6,96.1,0
2026-09-09 20:54:23.956882,CWP-01,1.7,65.0,147.4,107.6,0
2026-09-09 21:54:23.956882,CWP-01,2.4,65.2,162.1,98.4,0
2026-09-09 22:54:23.956882,CWP-01,1.5,62.8,144.9,107.7,0
2026-09-09 23:54:23.956882,CWP-01,1.76,62.3,144.9,96.8,0
2026-09-10 00:54:23.956882,CWP-01,2.5,67.1,158.7,89.9,0
2026-09-10 01:54:23.956882,CWP-01,1.87,67.5,160.7,102.0,0
2026-09-10 02:54:23.956882,CWP-01,1.61,66.8,149.1,101.2,0
2026-09-10 03:54:23.956882,CWP-01,2.07,69.5,156.8,100.2,0
2026-09-10 04:54:23.956882,CWP-01,1.86,63.4,139.2,96.8,0
2026-09-10 05:54:23.956882,CWP-01,1.75,70.0,163.8,99.8,0
2026-09-10 06:54:23.956882,CWP-01,1.67,62.3,171.5,97.4,0
2026-09-10 07:54:23.956882,CWP-01,2.83,62.0,155.2,98.5,0
2026-09-10 08:54:23.956882,CWP-01,1.92,59.7,129.2,104.2,0
2026-09-10 09:54:23.956882,CWP-01,1.42,63.7,144.4,100.9,0
2026-09-10 10:54:23.956882,CWP-01,2.45,63.5,156.1,103.0,0
2026-09-10 11:54:23.956882,CWP-01,2.18,66.6,145.8,98.8,0
2026-09-10 12:54:23.956882,CWP-01,1.77,65.7,162.7,98.3,0
2026-09-10 13:54:23.956882,CWP-01,1.72,61.4,155.9,94.2,0
2026-09-10 14:54:23.956882,CWP-01,2.2,63.8,142.9,98.1,0
2026-09-10 15:54:23.956882,CWP-01,1.93,63.9,150.3,83.4,0
2026-09-10 16:54:23.956882,CWP-01,1.42,59.7,141.1,97.0,0
2026-09-10 17:54:23.956882,CWP-01,2.54,62.1,148.2,99.6,0
2026-09-10 18:54:23.956882,CWP-01,1.87,62.7,144.5,102.8,0
2026-09-10 19:54:23.956882,CWP-01,2.45,69.3,161.7,98.7,0
2026-09-10 20:54:23.956882,CWP-01,2.38,65.6,171.2,101.7,0
2026-09-10 21:54:23.956882,CWP-01,1.7,67.0,135.7,89.1,0
2026-09-10 22:54:23.956882,CWP-01,2.31,60.5,130.8,99.7,0
2026-09-10 23:54:23.956882,CWP-01,1.8,68.6,147.5,91.6,0
2026-09-11 00:54:23.956882,CWP-01,1.44,68.9,134.8,94.0,0
2026-09-11 01:54:23.956882,CWP-01,1.87,59.0,150.5,99.1,0
2026-09-11 02:54:23.956882,CWP-01,2.12,62.9,157.5,106.4,0
2026-09-11 03:54:23.956882,CWP-01,1.86,66.5,164.9,101.9,0
2026-09-11 04:54:23.956882,CWP-01,1.91,66.9,152.0,100.1,0
2026-09-11 05:54:23.956882,CWP-01,2.34,63.0,148.1,99.9,0
2026-09-11 06:54:23.956882,CWP-01,2.03,64.1,130.2,96.4,0
2026-09-11 07:54:23.956882,CWP-01,1.75,63.2,150.3,97.3,0
2026-09-11 08:54:23.956882,CWP-01,2.21,65.3,150.7,102.1,0
2026-09-11 09:54:23.956882,CWP-01,2.06,68.6,156.4,93.1,0
2026-09-11 10:54:23.956882,CWP-01,1.24,62.7,142.9,103.0,0
2026-09-11 11:54:23.956882,CWP-01,2.13,68.0,145.6,98.1,0
2026-09-11 12:54:23.956882,CWP-01,2.12,62.7,135.2,104.1,0
2026-09-11 13:54:23.956882,CWP-01,2.01,62.5,127.1,104.8,0
2026-09-11 14:54:23.956882,CWP-01,2.27,67.5,138.9,91.6,0
2026-09-11 15:54:23.956882,CWP-01,1.8,67.8,134.3,97.1,0
2026-09-11 16:54:23.956882,CWP-01,2.1,67.6,153.4,95.7,0
2026-09-11 17:54:23.956882,CWP-01,1.53,61.1,144.8,90.9,0
2026-09-11 18:54:23.956882,CWP-01,2.12,63.6,144.6,94.8,0
2026-09-11 19:54:23.956882,CWP-01,2.59,67.5,140.2,112.2,0
2026-09-11 20:54:23.956882,CWP-01,1.7,65.1,117.7,103.0,0
2026-09-11 21:54:23.956882,CWP-01,1.77,61.8,165.1,109.6,0
2026-09-11 22:54:23.956882,CWP-01,1.79,66.4,140.0,104.1,0
2026-09-11 23:54:23.956882,CWP-01,2.04,62.9,145.9,96.3,0
2026-09-12 00:54:23.956882,CWP-01,1.68,70.4,135.5,98.1,0
2026-09-12 01:54:23.956882,CWP-01,2.13,69.6,159.7,102.9,0
2026-09-12 02:54:23.956882,CWP-01,2.25,66.8,151.4,102.2,0
2026-09-12 03:54:23.956882,CWP-01,2.16,69.1,141.7,97.1,0
2026-09-12 04:54:23.956882,CWP-01,1.47,65.2,146.1,92.5,0
2026-09-12 05:54:23.956882,CWP-01,2.3,67.3,166.8,116.4,0
2026-09-12 06:54:23.956882,CWP-01,2.28,69.4,149.3,99.3,0
2026-09-12 07:54:23.956882,CWP-01,2.25,65.7,148.2,98.4,0
2026-09-12 08:54:23.956882,CWP-01,2.11,64.2,140.6,100.6,0
2026-09-12 09:54:23.956882,CWP-01,2.07,59.9,131.1,98.8,0
2026-09-12 10:54:23.956882,CWP-01,2.31,64.8,148.4,100.6,0
2026-09-12 11:54:23.956882,CWP-01,2.58,67.5,153.3,106.4,0
2026-09-12 12:54:23.956882,CWP-01,1.71,67.8,161.0,99.4,0
2026-09-12 13:54:23.956882,CWP-01,2.32,66.5,127.5,94.2,0
2026-09-12 14:54:23.956882,CWP-01,1.97,63.4,138.7,99.2,0
2026-09-12 15:54:23.956882,CWP-01,1.96,59.1,144.2,97.7,0
2026-09-12 16:54:23.956882,CWP-01,1.54,63.5,150.0,107.1,0
2026-09-12 17:54:23.956882,CWP-01,1.91,64.1,148.5,105.9,0
2026-09-12 18:54:23.956882,CWP-01,1.7,64.1,148.8,100.5,0
2026-09-12 19:54:23.956882,CWP-01,1.86,66.9,154.1,93.6,0
2026-09-12 20:54:23.956882,CWP-01,1.67,71.0,141.0,93.9,0
2026-09-12 21:54:23.956882,CWP-01,1.87,65.4,159.3,100.1,0
2026-09-12 22:54:23.956882,CWP-01,1.88,64.3,154.3,101.7,0
2026-09-12 23:54:23.956882,CWP-01,2.03,64.2,146.8,98.1,0
2026-09-13 00:54:23.956882,CWP-01,1.52,65.4,166.0,97.6,0
2026-09-13 01:54:23.956882,CWP-01,1.57,62.5,165.6,97.0,0
2026-09-13 02:54:23.956882,CWP-01,2.11,65.4,159.3,99.9,0
2026-09-13 03:54:23.956882,CWP-01,1.76,66.4,119.8,88.1,0
2026-09-13 04:54:23.956882,CWP-01,2.32,65.6,165.8,94.5,0
2026-09-13 05:54:23.956882,CWP-01,2.07,66.4,157.9,96.9,0
2026-09-13 06:54:23.956882,CWP-01,2.18,66.3,170.1,106.0,0
2026-09-13 07:54:23.956882,CWP-01,2.42,59.7,162.4,95.9,0
2026-09-13 08:54:23.956882,CWP-01,1.91,66.9,165.8,100.9,0
2026-09-13 09:54:23.956882,CWP-01,1.83,63.0,158.8,101.1,0
2026-09-13 10:54:23.956882,CWP-01,2.26,61.7,163.5,106.5,0
2026-09-13 11:54:23.956882,CWP-01,2.15,61.7,169.9,106.3,0
2026-09-13 12:54:23.956882,CWP-01,1.94,66.3,152.2,99.7,0
2026-09-13 13:54:23.956882,CWP-01,2.42,64.3,134.3,97.6,0
2026-09-13 14:54:23.956882,CWP-01,1.94,60.0,146.9,96.7,0
2026-09-13 15:54:23.956882,CWP-01,2.01,66.4,153.9,98.8,0
2026-09-13 16:54:23.956882,CWP-01,2.01,60.7,150.7,97.8,0
2026-09-13 17:54:23.956882,CWP-01,1.72,65.4,137.5,102.8,0
2026-09-13 18:54:23.956882,CWP-01,2.02,65.7,133.7,102.1,0
2026-09-13 19:54:23.956882,CWP-01,2.42,67.7,142.6,103.0,0
2026-09-13 20:54:23.956882,CWP-01,2.13,70.3,158.1,106.3,0
2026-09-13 21:54:23.956882,CWP-01,2.01,60.9,165.8,109.3,0
2026-09-13 22:54:23.956882,CWP-01,1.95,64.8,159.2,100.6,0
2026-09-13 23:54:23.956882,CWP-01,2.1,64.2,160.6,105.5,0
2026-09-14 00:54:23.956882,CWP-01,2.22,66.3,149.2,98.2,0
2026-09-14 01:54:23.956882,CWP-01,2.18,65.6,132.6,105.9,0
2026-09-14 02:54:23.956882,CWP-01,1.9,63.9,145.4,105.3,0
2026-09-14 03:54:23.956882,CWP-01,2.1,63.7,147.4,105.0,0
2026-09-14 04:54:23.956882,CWP-01,2.14,61.7,145.0,100.5,0
2026-09-14 05:54:23.956882,CWP-01,1.7,68.0,150.5,96.7,0
2026-09-14 06:54:23.956882,CWP-01,2.05,66.4,154.4,93.0,0
2026-09-14 07:54:23.956882,CWP-01,1.35,67.8,158.5,99.8,0
2026-09-14 08:54:23.956882,CWP-01,2.14,64.1,147.2,107.7,0
2026-09-14 09:54:23.956882,CWP-01,2.2,63.0,131.0,98.5,0
2026-09-14 10:54:23.956882,CWP-01,2.22,61.8,145.2,103.9,0
2026-09-14 11:54:23.956882,CWP-01,1.88,66.1,150.4,104.2,0
2026-09-14 12:54:23.956882,CWP-01,2.09,61.9,162.2,98.6,0
2026-09-14 13:54:23.956882,CWP-01,2.43,70.5,144.3,106.6,0
2026-09-14 14:54:23.956882,CWP-01,2.42,61.1,155.1,85.5,0
2026-09-14 15:54:23.956882,CWP-01,1.99,65.8,152.9,93.9,0
2026-09-14 16:54:23.956882,CWP-01,2.04,69.7,150.4,95.4,0
2026-09-14 17:54:23.956882,CWP-01,2.33,66.8,159.3,95.9,0
2026-09-14 18:54:23.956882,CWP-01,1.55,65.5,143.4,101.7,0
2026-09-14 19:54:23.956882,CWP-01,1.9,62.1,144.2,101.5,0
2026-09-14 20:54:23.956882,CWP-01,2.4,60.9,149.9,102.0,0
2026-09-14 21:54:23.956882,CWP-01,2.29,67.3,143.6,103.0,0
2026-09-14 22:54:23.956882,CWP-01,2.11,69.5,155.1,95.2,0
2026-09-14 23:54:23.956882,CWP-01,1.55,63.7,142.9,93.9,0
2026-09-15 00:54:23.956882,CWP-01,1.99,61.6,152.3,102.0,0
2026-09-15 01:54:23.956882,CWP-01,1.82,57.6,149.0,96.8,0
2026-09-15 02:54:23.956882,CWP-01,2.1,62.1,152.1,92.1,0
2026-09-15 03:54:23.956882,CWP-01,1.76,64.7,145.4,104.9,0
2026-09-15 04:54:23.956882,CWP-01,1.69,69.8,146.6,107.0,0
2026-09-15 05:54:23.956882,CWP-01,1.38,67.0,151.0,107.8,0
2026-09-15 06:54:23.956882,CWP-01,2.37,65.9,152.0,100.9,0
2026-09-15 07:54:23.956882,CWP-01,1.88,63.8,150.0,103.1,0
2026-09-15 08:54:23.956882,CWP-01,2.05,63.3,167.1,106.8,0
2026-09-15 09:54:23.956882,CWP-01,2.0,69.2,140.1,96.8,0
2026-09-15 10:54:23.956882,CWP-01,1.68,65.6,149.4,105.6,0
2026-09-15 11:54:23.956882,CWP-01,1.62,58.7,134.3,101.4,0
2026-09-15 12:54:23.956882,CWP-01,1.7,63.0,153.7,104.6,0
2026-09-15 13:54:23.956882,CWP-01,1.78,62.4,138.8,100.9,0
2026-09-15 14:54:23.956882,CWP-01,2.11,63.4,147.2,106.5,0
2026-09-15 15:54:23.956882,CWP-01,1.76,66.7,146.3,101.1,0
2026-09-15 16:54:23.956882,CWP-01,2.52,64.7,152.8,92.6,0
2026-09-15 17:54:23.956882,CWP-01,2.31,64.8,144.5,107.3,0
2026-09-15 18:54:23.956882,CWP-01,2.24,68.9,144.0,95.3,0
2026-09-15 19:54:23.956882,CWP-01,1.96,62.9,164.4,106.3,0
2026-09-15 20:54:23.956882,CWP-01,2.45,70.6,152.8,99.5,0
2026-09-15 21:54:23.956882,CWP-01,1.93,63.0,144.4,105.9,0
2026-09-15 22:54:23.956882,CWP-01,1.99,65.3,147.5,105.7,0
2026-09-15 23:54:23.956882,CWP-01,2.05,64.2,166.5,102.2,0
2026-09-16 00:54:23.956882,CWP-01,2.21,65.4,147.6,102.5,0
2026-09-16 01:54:23.956882,CWP-01,2.19,66.3,143.1,102.1,0
2026-09-16 02:54:23.956882,CWP-01,1.86,66.3,143.2,89.9,0
2026-09-16 03:54:23.956882,CWP-01,1.84,62.7,144.5,100.6,0
2026-09-16 04:54:23.956882,CWP-01,2.19,61.6,144.1,94.4,0
2026-09-16 05:54:23.956882,CWP-01,2.21,72.5,137.2,100.9,0
2026-09-16 06:54:23.956882,CWP-01,1.88,63.5,138.8,94.3,0
2026-09-16 07:54:23.956882,CWP-01,1.52,67.1,141.7,94.1,0
2026-09-16 08:54:23.956882,CWP-01,1.94,60.2,155.9,108.0,0
2026-09-16 09:54:23.956882,CWP-01,2.19,64.2,146.2,105.3,0
2026-09-16 10:54:23.956882,CWP-01,2.54,64.6,147.9,100.0,0
2026-09-16 11:54:23.956882,CWP-01,1.64,66.4,162.7,100.9,0
2026-09-16 12:54:23.956882,CWP-01,1.87,56.8,163.0,98.8,0
2026-09-16 13:54:23.956882,CWP-01,1.88,65.5,147.2,102.8,0
2026-09-16 14:54:23.956882,CWP-01,2.41,61.6,143.7,96.6,0
2026-09-16 15:54:23.956882,CWP-01,1.99,66.0,141.4,105.0,0
2026-09-16 16:54:23.956882,CWP-01,1.73,61.9,156.9,98.7,0
2026-09-16 17:54:23.956882,CWP-01,2.17,62.4,148.0,97.9,0
2026-09-16 18:54:23.956882,CWP-01,1.88,64.2,146.1,100.1,0
2026-09-16 19:54:23.956882,CWP-01,1.63,61.8,141.9,97.0,0
2026-09-16 20:54:23.956882,CWP-01,1.73,63.6,142.3,101.6,0
2026-09-16 21:54:23.956882,CWP-01,2.52,61.4,153.2,97.3,0
2026-09-16 22:54:23.956882,CWP-01,2.12,59.5,136.8,102.3,0
2026-09-16 23:54:23.956882,CWP-01,2.03,68.1,159.9,106.1,0
2026-09-17 00:54:23.956882,CWP-01,1.93,61.1,144.7,96.4,0
2026-09-17 01:54:23.956882,CWP-01,2.09,64.5,148.5,99.3,0
2026-09-17 02:54:23.956882,CWP-01,2.08,67.3,136.6,102.3,0
2026-09-17 03:54:23.956882,CWP-01,2.09,63.2,149.9,97.8,0
2026-09-17 04:54:23.956882,CWP-01,2.03,62.5,146.7,102.3,0
2026-09-17 05:54:23.956882,CWP-01,2.26,65.7,149.5,102.8,0
2026-09-17 06:54:23.956882,CWP-01,2.01,68.4,164.7,105.4,0
2026-09-17 07:54:23.956882,CWP-01,1.71,61.5,151.8,97.0,0
2026-09-17 08:54:23.956882,CWP-01,1.82,64.5,142.1,95.3,0
2026-09-17 09:54:23.956882,CWP-01,1.41,59.8,142.9,98.5,0
2026-09-17 10:54:23.956882,CWP-01,2.61,63.8,156.0,95.2,0
2026-09-17 11:54:23.956882,CWP-01,2.26,65.1,163.0,102.8,0
2026-09-17 12:54:23.956882,CWP-01,1.75,62.4,152.8,94.2,0
2026-09-17 13:54:23.956882,CWP-01,1.92,63.6,156.9,111.7,0
2026-09-17 14:54:23.956882,CWP-01,1.81,60.8,156.1,106.5,0
2026-09-17 15:54:23.956882,CWP-01,2.46,65.2,164.2,100.1,0
2026-09-17 16:54:23.956882,CWP-01,1.57,68.2,130.5,104.3,0
2026-09-17 17:54:23.956882,CWP-01,2.03,61.7,156.7,91.8,0
2026-09-17 18:54:23.956882,CWP-01,1.97,63.1,159.8,112.6,0
2026-09-17 19:54:23.956882,CWP-01,2.25,66.5,136.6,97.0,0
2026-09-17 20:54:23.956882,CWP-01,1.97,68.6,141.1,99.4,0
2026-09-17 21:54:23.956882,CWP-01,1.47,60.5,141.5,90.7,0
2026-09-17 22:54:23.956882,CWP-01,1.92,64.5,142.7,102.4,0
2026-09-17 23:54:23.956882,CWP-01,1.71,65.8,145.2,94.5,0
2026-09-18 00:54:23.956882,CWP-01,2.02,64.7,152.4,100.5,0
2026-09-18 01:54:23.956882,CWP-01,2.43,57.6,158.7,97.3,0
2026-09-18 02:54:23.956882,CWP-01,1.48,66.5,160.8,94.6,0
2026-09-18 03:54:23.956882,CWP-01,1.76,69.6,141.6,96.0,0
2026-09-18 04:54:23.956882,CWP-01,1.83,65.3,141.6,101.1,0
2026-09-18 05:54:23.956882,CWP-01,1.89,61.9,163.2,93.6,0
2026-09-18 06:54:23.956882,CWP-01,2.22,63.5,156.5,96.3,0
2026-09-18 07:54:23.956882,CWP-01,1.95,70.3,150.8,103.3,0
2026-09-18 08:54:23.956882,CWP-01,2.12,67.7,154.7,113.0,0
2026-09-18 09:54:23.956882,CWP-01,1.81,66.9,149.7,102.4,0
2026-09-18 10:54:23.956882,CWP-01,2.07,66.1,155.2,95.4,0
2026-09-18 11:54:23.956882,CWP-01,2.23,63.0,146.6,98.2,0
2026-09-18 12:54:23.956882,CWP-01,1.78,64.4,152.7,100.2,0
2026-09-18 13:54:23.956882,CWP-01,2.23,64.8,134.9,98.3,0
2026-09-18 14:54:23.956882,CWP-01,2.02,66.6,143.1,104.5,0
2026-09-18 15:54:23.956882,CWP-01,2.31,69.5,143.2,101.1,0
2026-09-18 16:54:23.956882,CWP-01,1.94,68.4,146.3,104.5,0
2026-09-18 17:54:23.956882,CWP-01,2.11,60.7,140.7,98.4,0
2026-09-18 18:54:23.956882,CWP-01,1.99,65.7,144.7,106.6,0
2026-09-18 19:54:23.956882,CWP-01,1.97,67.2,134.9,99.2,0
2026-09-18 20:54:23.956882,CWP-01,2.08,66.9,155.5,95.1,0
2026-09-18 21:54:23.956882,CWP-01,2.16,63.1,149.2,110.9,0
2026-09-18 22:54:23.956882,CWP-01,1.63,73.7,132.9,90.9,0
2026-09-18 23:54:23.956882,CWP-01,2.43,61.2,141.7,96.3,0
2026-09-19 00:54:23.956882,CWP-01,1.44,61.8,153.4,96.9,0
2026-09-19 01:54:23.956882,CWP-01,1.79,65.7,144.6,112.5,0
2026-09-19 02:54:23.956882,CWP-01,1.97,71.4,143.0,109.0,0
2026-09-19 03:54:23.956882,CWP-01,2.12,62.5,149.3,107.5,0
2026-09-19 04:54:23.956882,CWP-01,2.47,64.2,153.4,98.3,0
2026-09-19 05:54:23.956882,CWP-01,1.44,68.2,135.6,112.1,0
2026-09-19 06:54:23.956882,CWP-01,1.85,64.9,155.5,101.8,0
2026-09-19 07:54:23.956882,CWP-01,1.36,64.0,142.0,104.9,0
2026-09-19 08:54:23.956882,CWP-01,2.01,66.7,149.8,100.9,0
2026-09-19 09:54:23.956882,CWP-01,2.08,65.8,149.6,99.8,0
2026-09-19 10:54:23.956882,CWP-01,2.48,68.1,144.7,98.7,0
2026-09-19 11:54:23.956882,CWP-01,2.04,68.9,139.8,99.0,0
2026-09-19 12:54:23.956882,CWP-01,2.31,65.9,147.1,103.0,0
2026-09-19 13:54:23.956882,CWP-01,2.18,65.9,166.3,101.8,0
2026-09-19 14:54:23.956882,CWP-01,1.87,65.6,136.4,99.8,0
2026-09-19 15:54:23.956882,CWP-01,1.58,66.5,166.9,107.5,0
2026-09-19 16:54:23.956882,CWP-01,2.08,65.2,147.4,85.2,0
2026-09-19 17:54:23.956882,CWP-01,1.55,65.0,150.4,102.5,0
2026-09-19 18:54:23.956882,CWP-01,2.39,68.6,139.1,103.6,0
2026-09-19 19:54:23.956882,CWP-01,1.95,69.5,142.3,105.7,0
2026-09-19 20:54:23.956882,CWP-01,2.36,60.5,145.0,99.7,0
2026-09-19 21:54:23.956882,CWP-01,1.86,65.0,139.5,101.0,0
2026-09-19 22:54:23.956882,CWP-01,2.08,62.9,147.9,104.9,0
2026-09-19 23:54:23.956882,CWP-01,2.06,64.1,145.9,107.5,0
2026-09-20 00:54:23.956882,CWP-01,1.99,66.2,168.5,98.5,0
2026-09-20 01:54:23.956882,CWP-01,1.87,67.0,138.3,101.3,0
2026-09-20 02:54:23.956882,CWP-01,2.12,64.7,151.0,108.4,0
2026-09-20 03:54:23.956882,CWP-01,1.72,59.3,152.5,89.4,0
2026-09-20 04:54:23.956882,CWP-01,1.64,62.1,139.3,96.5,0
2026-09-20 05:54:23.956882,CWP-01,2.37,67.7,156.9,107.3,0
2026-09-20 06:54:23.956882,CWP-01,2.22,56.8,146.0,105.5,0
2026-09-20 07:54:23.956882,CWP-01,2.02,68.6,125.1,102.6,0
2026-09-20 08:54:23.956882,CWP-01,2.5,66.6,156.6,97.8,0
2026-09-20 09:54:23.956882,CWP-01,1.92,68.9,138.8,95.6,0
2026-09-20 10:54:23.956882,CWP-01,2.4,64.4,139.5,97.0,0
2026-09-20 11:54:23.956882,CWP-01,2.05,58.8,156.9,107.7,0
2026-09-20 12:54:23.956882,CWP-01,1.69,66.3,146.5,96.9,0
2026-09-20 13:54:23.956882,CWP-01,2.55,68.8,159.2,100.5,0
2026-09-20 14:54:23.956882,CWP-01,2.3,67.8,162.1,96.2,0
2026-09-20 15:54:23.956882,CWP-01,1.96,63.0,143.6,104.2,0
2026-09-20 16:54:23.956882,CWP-01,2.22,65.3,157.9,97.3,0
2026-09-20 17:54:23.956882,CWP-01,1.88,63.4,142.4,99.5,0
2026-09-20 18:54:23.956882,CWP-01,2.25,62.5,172.3,91.6,0
2026-09-20 19:54:23.956882,CWP-01,1.28,67.9,143.1,91.9,0
2026-09-20 20:54:23.956882,CWP-01,1.69,61.4,160.3,100.0,0
2026-09-20 21:54:23.956882,CWP-01,2.29,62.3,158.4,93.4,0
2026-09-20 22:54:23.956882,CWP-01,1.93,61.7,153.2,110.5,0
2026-09-20 23:54:23.956882,CWP-01,2.06,60.5,143.3,89.7,0
2026-09-21 00:54:23.956882,CWP-01,1.6,65.4,148.5,96.0,0
2026-09-21 01:54:23.956882,CWP-01,2.55,68.5,128.5,100.1,0
2026-09-21 02:54:23.956882,CWP-01,2.36,64.4,152.2,98.2,0
2026-09-21 03:54:23.956882,CWP-01,1.94,60.5,153.5,94.5,0
2026-09-21 04:54:23.956882,CWP-01,1.88,67.5,151.3,95.2,0
2026-09-21 05:54:23.956882,CWP-01,2.31,70.1,120.3,95.0,0
2026-09-21 06:54:23.956882,CWP-01,2.59,63.1,137.3,98.6,0
2026-09-21 07:54:23.956882,CWP-01,2.29,63.6,142.5,109.8,0
2026-09-21 08:54:23.956882,CWP-01,2.65,66.5,152.9,100.4,0
2026-09-21 09:54:23.956882,CWP-01,1.72,69.9,152.9,105.9,0
2026-09-21 10:54:23.956882,CWP-01,1.75,63.4,148.3,102.5,0
2026-09-21 11:54:23.956882,CWP-01,1.64,61.0,156.4,105.6,0
2026-09-21 12:54:23.956882,CWP-01,2.13,66.9,139.7,86.0,0
2026-09-21 13:54:23.956882,CWP-01,2.05,67.4,156.1,98.5,0
2026-09-21 14:54:23.956882,CWP-01,1.95,65.0,154.7,106.5,0
2026-09-21 15:54:23.956882,CWP-01,2.24,63.3,153.8,97.1,0
2026-09-21 16:54:23.956882,CWP-01,2.37,68.0,148.2,108.8,0
2026-09-21 17:54:23.956882,CWP-01,1.54,66.6,168.3,107.4,0
2026-09-21 18:54:23.956882,CWP-01,1.82,62.7,154.9,97.7,0
2026-09-21 19:54:23.956882,CWP-01,2.25,65.1,140.3,97.5,0
2026-09-21 20:54:23.956882,CWP-01,1.86,60.9,152.5,94.9,0
2026-09-21 21:54:23.956882,CWP-01,1.76,67.1,157.5,96.9,0
2026-09-21 22:54:23.956882,CWP-01,2.31,64.2,144.1,93.8,0
2026-09-21 23:54:23.956882,CWP-01,1.61,63.7,160.9,102.1,0
2026-09-22 00:54:23.956882,CWP-01,1.91,64.9,153.8,92.7,0
2026-09-22 01:54:23.956882,CWP-01,2.1,65.1,126.6,103.0,0
2026-09-22 02:54:23.956882,CWP-01,1.83,67.7,153.0,103.1,0
2026-09-22 03:54:23.956882,CWP-01,2.23,66.8,145.9,91.7,0
2026-09-22 04:54:23.956882,CWP-01,1.83,64.5,155.4,107.7,0
2026-09-22 05:54:23.956882,CWP-01,2.42,67.3,159.4,102.6,0
2026-09-22 06:54:23.956882,CWP-01,1.96,66.2,152.0,103.7,0
2026-09-22 07:54:23.956882,CWP-01,2.2,63.7,166.7,96.2,0
2026-09-22 08:54:23.956882,CWP-01,2.22,64.6,148.2,103.1,0
2026-09-22 09:54:23.956882,CWP-01,1.81,64.6,156.2,105.6,0
2026-09-22 10:54:23.956882,CWP-01,1.38,66.5,158.0,99.5,0
2026-09-22 11:54:23.956882,CWP-01,2.11,63.9,149.0,110.0,0
2026-09-22 12:54:23.956882,CWP-01,2.02,63.8,157.8,100.2,0
2026-09-22 13:54:23.956882,CWP-01,2.17,70.9,144.1,105.7,0
2026-09-22 14:54:23.956882,CWP-01,1.93,67.8,145.8,101.5,0
2026-09-22 15:54:23.956882,CWP-01,1.87,62.7,136.9,102.9,0
2026-09-22 16:54:23.956882,CWP-01,2.6,66.7,152.4,91.6,0
2026-09-22 17:54:23.956882,CWP-01,1.56,65.4,153.3,101.9,0
2026-09-22 18:54:23.956882,CWP-01,2.22,66.2,161.8,96.3,0
2026-09-22 19:54:23.956882,CWP-01,1.83,65.4,157.9,95.8,0
2026-09-22 20:54:23.956882,CWP-01,1.9,68.6,147.2,108.7,0
2026-09-22 21:54:23.956882,CWP-01,1.9,66.0,138.2,98.9,0
2026-09-22 22:54:23.956882,CWP-01,1.76,64.8,154.3,95.0,0
2026-09-22 23:54:23.956882,CWP-01,2.17,68.1,161.1,98.2,0
2026-09-23 00:54:23.956882,CWP-01,2.42,65.7,157.6,93.5,0
2026-09-23 01:54:23.956882,CWP-01,2.14,65.4,160.8,107.2,0
2026-09-23 02:54:23.956882,CWP-01,2.03,65.9,147.9,96.5,0
2026-09-23 03:54:23.956882,CWP-01,1.7,64.7,145.3,102.6,0
2026-09-23 04:54:23.956882,CWP-01,2.16,65.0,142.6,106.8,0
2026-09-23 05:54:23.956882,CWP-01,2.65,63.2,149.4,97.5,0
2026-09-23 06:54:23.956882,CWP-01,1.89,62.7,149.2,102.7,0
2026-09-23 07:54:23.956882,CWP-01,1.89,62.0,152.1,94.8,0
2026-09-23 08:54:23.956882,CWP-01,1.83,60.8,148.7,112.2,0
2026-09-23 09:54:23.956882,CWP-01,1.85,62.4,148.7,104.7,0
2026-09-23 10:54:23.956882,CWP-01,1.18,64.5,142.2,99.0,0
2026-09-23 11:54:23.956882,CWP-01,2.12,65.3,159.4,96.1,0
2026-09-23 12:54:23.956882,CWP-01,1.75,64.2,150.8,99.4,0
2026-09-23 13:54:23.956882,CWP-01,1.52,57.9,148.3,98.3,0
2026-09-23 14:54:23.956882,CWP-01,2.23,69.7,142.5,109.8,0
2026-09-23 15:54:23.956882,CWP-01,1.68,68.3,136.7,93.9,0
2026-09-23 16:54:23.956882,CWP-01,1.9,66.3,163.1,100.7,0
2026-09-23 17:54:23.956882,CWP-01,2.44,70.7,155.5,99.9,0
2026-09-23 18:54:23.956882,CWP-01,1.58,62.1,133.8,99.4,0
2026-09-23 19:54:23.956882,CWP-01,1.54,70.7,157.6,99.5,0
2026-09-23 20:54:23.956882,CWP-01,2.08,62.1,159.2,99.4,0
2026-09-23 21:54:23.956882,CWP-01,2.34,65.7,151.2,104.4,0
2026-09-23 22:54:23.956882,CWP-01,1.53,61.2,166.0,103.0,0
2026-09-23 23:54:23.956882,CWP-01,2.12,65.0,152.2,102.1,0
2026-09-24 00:54:23.956882,CWP-01,2.17,66.2,135.8,84.8,0
2026-09-24 01:54:23.956882,CWP-01,1.38,64.5,153.7,101.5,0
2026-09-24 02:54:23.956882,CWP-01,2.24,67.1,152.4,91.7,0
2026-09-24 03:54:23.956882,CWP-01,2.26,65.3,144.0,103.2,0
2026-09-24 04:54:23.956882,CWP-01,1.91,63.4,155.7,107.4,0
2026-09-24 05:54:23.956882,CWP-01,2.38,63.3,133.3,95.4,0
2026-09-24 06:54:23.956882,CWP-01,2.34,67.4,159.9,98.7,0
2026-09-24 07:54:23.956882,CWP-01,2.03,63.0,141.2,97.0,0
2026-09-24 08:54:23.956882,CWP-01,1.86,67.7,140.2,106.2,0
2026-09-24 09:54:23.956882,CWP-01,1.71,68.7,148.9,100.5,0
2026-09-24 10:54:23.956882,CWP-01,1.99,60.0,154.3,108.6,0
2026-09-24 11:54:23.956882,CWP-01,2.17,68.4,151.6,102.1,0
2026-09-24 12:54:23.956882,CWP-01,1.9,71.2,142.6,101.2,0
2026-09-24 13:54:23.956882,CWP-01,1.34,65.8,144.9,100.3,0
2026-09-24 14:54:23.956882,CWP-01,2.38,66.8,138.7,104.1,0
2026-09-24 15:54:23.956882,CWP-01,2.06,68.1,147.8,91.3,0
2026-09-24 16:54:23.956882,CWP-01,1.89,64.2,160.8,100.4,0
2026-09-24 17:54:23.956882,CWP-01,2.26,65.5,150.0,99.6,0
2026-09-24 18:54:23.956882,CWP-01,2.46,61.1,158.6,103.6,0
2026-09-24 19:54:23.956882,CWP-01,1.16,65.4,164.6,99.1,0
2026-09-24 20:54:23.956882,CWP-01,2.13,66.5,144.1,94.8,0
2026-09-24 21:54:23.956882,CWP-01,1.57,66.5,148.1,100.0,0
2026-09-24 22:54:23.956882,CWP-01,2.15,68.2,171.7,94.6,0
2026-09-24 23:54:23.956882,CWP-01,2.04,62.7,164.4,90.4,0
2026-09-25 00:54:23.956882,CWP-01,2.19,63.4,133.3,103.6,0
2026-09-25 01:54:23.956882,CWP-01,1.85,70.7,153.9,102.9,0
2026-09-25 02:54:23.956882,CWP-01,1.44,64.5,150.0,102.3,0
2026-09-25 03:54:23.956882,CWP-01,1.86,65.6,158.3,106.5,0
2026-09-25 04:54:23.956882,CWP-01,2.12,64.8,142.6,96.7,0
2026-09-25 05:54:23.956882,CWP-01,2.3,62.5,141.6,92.8,0
2026-09-25 06:54:23.956882,CWP-01,1.65,69.9,143.2,99.6,0
2026-09-25 07:54:23.956882,CWP-01,2.31,63.4,144.3,98.3,0
2026-09-25 08:54:23.956882,CWP-01,1.81,61.6,158.2,95.8,0
2026-09-25 09:54:23.956882,CWP-01,2.11,63.6,138.2,99.6,0
2026-09-25 10:54:23.956882,CWP-01,1.85,59.0,143.8,96.9,0
2026-09-25 11:54:23.956882,CWP-01,2.05,63.0,132.1,90.8,0
2026-09-25 12:54:23.956882,CWP-01,2.27,62.1,160.1,97.8,0
2026-09-25 13:54:23.956882,CWP-01,1.63,66.9,162.7,94.3,0
2026-09-25 14:54:23.956882,CWP-01,1.8,63.0,146.7,101.2,0
2026-09-25 15:54:23.956882,CWP-01,2.06,67.7,147.0,96.7,0
2026-09-25 16:54:23.956882,CWP-01,2.72,69.2,154.5,105.6,0
2026-09-25 17:54:23.956882,CWP-01,1.74,67.3,164.7,108.0,0
2026-09-25 18:54:23.956882,CWP-01,2.61,64.4,154.1,103.4,0
2026-09-25 19:54:23.956882,CWP-01,2.6,65.4,143.0,92.2,0
2026-09-25 20:54:23.956882,CWP-01,1.97,60.4,133.8,107.5,0
2026-09-25 21:54:23.956882,CWP-01,1.91,64.6,138.8,107.9,0
2026-09-25 22:54:23.956882,CWP-01,1.79,62.4,150.7,100.1,0
2026-09-25 23:54:23.956882,CWP-01,1.98,67.1,143.4,106.6,0
2026-09-26 00:54:23.956882,CWP-01,1.58,72.7,151.9,97.2,0
2026-09-26 01:54:23.956882,CWP-01,1.98,66.5,144.5,90.7,0
2026-09-26 02:54:23.956882,CWP-01,2.45,59.0,139.4,96.2,0
2026-09-26 03:54:23.956882,CWP-01,1.82,63.9,138.2,108.6,0
2026-09-26 04:54:23.956882,CWP-01,1.93,65.4,165.6,92.5,0
2026-09-26 05:54:23.956882,CWP-01,1.49,65.3,158.9,100.0,0
2026-09-26 06:54:23.956882,CWP-01,2.11,62.8,167.3,100.2,0
2026-09-26 07:54:23.956882,CWP-01,2.08,65.7,155.4,97.4,0
2026-09-26 08:54:23.956882,CWP-01,2.02,61.3,145.7,97.8,0
2026-09-26 09:54:23.956882,CWP-01,1.93,62.2,163.2,100.4,0
2026-09-26 10:54:23.956882,CWP-01,1.91,66.9,149.7,97.2,0
2026-09-26 11:54:23.956882,CWP-01,2.15,62.0,152.2,92.9,0
2026-09-26 12:54:23.956882,CWP-01,1.99,66.6,149.6,101.1,0
2026-09-26 13:54:23.956882,CWP-01,2.09,60.9,120.5,105.4,0
2026-09-26 14:54:23.956882,CWP-01,2.06,70.3,166.0,104.3,0
2026-09-26 15:54:23.956882,CWP-01,2.34,62.7,154.9,96.0,0
2026-09-26 16:54:23.956882,CWP-01,2.2,64.3,153.3,93.7,0
2026-09-26 17:54:23.956882,CWP-01,2.06,66.0,149.4,98.6,0
2026-09-26 18:54:23.956882,CWP-01,2.46,63.3,151.6,107.8,0
2026-09-26 19:54:23.956882,CWP-01,2.13,65.4,144.0,103.2,0
2026-09-26 20:54:23.956882,CWP-01,2.39,66.7,156.2,103.5,0
2026-09-26 21:54:23.956882,CWP-01,2.18,67.9,136.9,104.4,0
2026-09-26 22:54:23.956882,CWP-01,1.45,67.4,151.9,102.1,0
2026-09-26 23:54:23.956882,CWP-01,2.39,64.5,155.6,100.6,0
2026-09-27 00:54:23.956882,CWP-01,2.04,64.6,148.0,103.3,0
2026-09-27 01:54:23.956882,CWP-01,1.98,72.0,153.7,97.3,0
2026-09-27 02:54:23.956882,CWP-01,2.08,67.8,140.1,92.9,0
2026-09-27 03:54:23.956882,CWP-01,1.9,62.2,140.3,103.6,0
2026-09-27 04:54:23.956882,CWP-01,2.07,65.3,152.4,106.2,0
2026-09-27 05:54:23.956882,CWP-01,1.82,64.0,156.8,94.4,0
2026-09-27 06:54:23.956882,CWP-01,2.38,64.6,131.3,104.1,0
2026-09-27 07:54:23.956882,CWP-01,1.97,61.3,155.2,108.4,0
2026-09-27 08:54:23.956882,CWP-01,1.89,63.8,144.6,100.0,0
2026-09-27 09:54:23.956882,CWP-01,1.72,70.4,148.1,95.9,0
2026-09-27 10:54:23.956882,CWP-01,2.08,66.7,136.6,100.6,0
2026-09-27 11:54:23.956882,CWP-01,2.06,57.5,141.5,97.2,0
2026-09-27 12:54:23.956882,CWP-01,2.12,68.7,159.7,96.9,0
2026-09-27 13:54:23.956882,CWP-01,1.69,68.3,150.3,102.2,0
2026-09-27 14:54:23.956882,CWP-01,1.52,63.9,146.2,92.0,0
2026-09-27 15:54:23.956882,CWP-01,2.19,67.2,148.8,92.8,0
2026-09-27 16:54:23.956882,CWP-01,2.45,62.4,154.9,100.1,0
2026-09-27 17:54:23.956882,CWP-01,1.69,63.6,154.4,99.9,0
2026-09-27 18:54:23.956882,CWP-01,2.48,69.5,149.2,101.7,0
2026-09-27 19:54:23.956882,CWP-01,2.09,64.2,160.9,109.4,0
2026-09-27 20:54:23.956882,CWP-01,2.0,59.4,159.7,100.5,0
2026-09-27 21:54:23.956882,CWP-01,1.88,64.8,154.1,103.0,0
2026-09-27 22:54:23.956882,CWP-01,1.58,64.8,150.5,95.1,0
2026-09-27 23:54:23.956882,CWP-01,2.3,68.6,156.6,103.8,0
2026-09-28 00:54:23.956882,CWP-01,1.77,65.0,153.1,97.4,0
2026-09-28 01:54:23.956882,CWP-01,1.77,63.7,160.6,100.4,0
2026-09-28 02:54:23.956882,CWP-01,2.3,68.1,159.0,99.5,0
2026-09-28 03:54:23.956882,CWP-01,1.44,65.4,139.8,105.2,0
2026-09-28 04:54:23.956882,CWP-01,1.54,62.7,139.1,93.5,0
2026-09-28 05:54:23.956882,CWP-01,1.99,68.5,143.0,88.6,0
2026-09-28 06:54:23.956882,CWP-01,2.09,65.6,159.8,98.9,0
2026-09-28 07:54:23.956882,CWP-01,2.15,65.0,134.2,102.3,0
2026-09-28 08:54:23.956882,CWP-01,1.91,65.5,153.9,100.8,0
2026-09-28 09:54:23.956882,CWP-01,2.76,61.8,153.6,106.2,0
2026-09-28 10:54:23.956882,CWP-01,1.93,63.4,161.6,102.2,0
2026-09-28 11:54:23.956882,CWP-01,1.93,65.0,151.8,97.2,0
2026-09-28 12:54:23.956882,CWP-01,1.76,64.4,136.6,88.4,0
2026-09-28 13:54:23.956882,CWP-01,2.04,68.8,140.4,98.8,0
2026-09-28 14:54:23.956882,CWP-01,2.18,65.7,138.2,105.1,0
2026-09-28 15:54:23.956882,CWP-01,2.36,67.6,144.6,98.0,0
2026-09-28 16:54:23.956882,CWP-01,1.55,65.0,148.2,100.1,0
2026-09-28 17:54:23.956882,CWP-01,1.93,68.2,138.3,102.1,0
2026-09-28 18:54:23.956882,CWP-01,2.13,66.2,164.7,94.9,0
2026-09-28 19:54:23.956882,CWP-01,2.18,65.0,136.7,103.1,0
2026-09-28 20:54:23.956882,CWP-01,2.0,65.0,163.5,108.2,0
2026-09-28 21:54:23.956882,CWP-01,2.16,62.1,161.9,99.1,0
2026-09-28 22:54:23.956882,CWP-01,1.76,66.5,159.0,94.4,0
2026-09-28 23:54:23.956882,CWP-01,2.47,64.9,143.1,99.7,0
2026-09-29 00:54:23.956882,CWP-01,2.3,63.5,153.4,88.9,0
2026-09-29 01:54:23.956882,CWP-01,1.6,68.3,137.2,101.7,0
2026-09-29 02:54:23.956882,CWP-01,1.68,61.2,159.1,102.3,0
2026-09-29 03:54:23.956882,CWP-01,1.69,63.7,149.3,108.4,0
2026-09-29 04:54:23.956882,CWP-01,2.2,68.1,145.9,99.0,0
2026-09-29 05:54:23.956882,CWP-01,1.61,65.9,137.8,102.0,0
2026-09-29 06:54:23.956882,CWP-01,1.9,64.9,125.2,95.7,0
2026-09-29 07:54:23.956882,CWP-01,2.14,65.8,139.6,98.2,0
2026-09-29 08:54:23.956882,CWP-01,1.98,65.5,161.1,92.4,0
2026-09-29 09:54:23.956882,CWP-01,2.08,60.5,146.0,99.0,0
2026-09-29 10:54:23.956882,CWP-01,1.68,64.0,148.3,98.5,0
2026-09-29 11:54:23.956882,CWP-01,2.18,69.8,156.6,101.5,0
2026-09-29 12:54:23.956882,CWP-01,1.82,63.0,168.1,96.9,0
2026-09-29 13:54:23.956882,CWP-01,1.9,64.0,163.3,100.4,0
2026-09-29 14:54:23.956882,CWP-01,2.07,63.4,140.3,98.3,0
2026-09-29 15:54:23.956882,CWP-01,2.03,64.7,130.6,98.3,0
2026-09-29 16:54:23.956882,CWP-01,2.01,63.3,173.6,100.4,0
2026-09-29 17:54:23.956882,CWP-01,1.77,66.5,172.7,100.2,0
2026-09-29 18:54:23.956882,CWP-01,1.91,65.6,151.9,103.8,0
2026-09-29 19:54:23.956882,CWP-01,2.0,67.3,137.3,99.4,0
2026-09-29 20:54:23.956882,CWP-01,1.59,61.8,159.6,98.3,0
2026-09-29 21:54:23.956882,CWP-01,1.86,64.0,148.9,99.1,0
2026-09-29 22:54:23.956882,CWP-01,2.12,64.3,148.9,96.4,0
2026-09-29 23:54:23.956882,CWP-01,1.62,66.4,158.9,98.2,0
2026-09-30 00:54:23.956882,CWP-01,2.35,62.6,153.3,110.2,0
2026-09-30 01:54:23.956882,CWP-01,2.38,67.7,138.1,95.4,0
2026-09-30 02:54:23.956882,CWP-01,1.63,68.6,146.8,98.6,0
2026-09-30 03:54:23.956882,CWP-01,2.41,62.0,156.6,98.1,0
2026-09-30 04:54:23.956882,CWP-01,1.96,63.5,155.1,98.8,0
2026-09-30 05:54:23.956882,CWP-01,2.13,63.4,152.6,98.3,0
2026-09-30 06:54:23.956882,CWP-01,1.85,72.9,159.3,101.4,0
2026-09-30 07:54:23.956882,CWP-01,2.28,63.7,146.4,91.4,0
2026-09-30 08:54:23.956882,CWP-01,2.12,70.0,151.8,105.2,0
2026-09-30 09:54:23.956882,CWP-01,1.76,61.2,116.2,103.2,0
2026-09-30 10:54:23.956882,CWP-01,1.65,62.0,145.5,93.8,0
2026-09-30 11:54:23.956882,CWP-01,1.56,62.9,157.6,88.7,0
2026-09-30 12:54:23.956882,CWP-01,2.06,62.5,146.1,95.1,0
2026-08-31 13:54:23.956882,CC-01,1.93,58.0,151.3,99.7,0
2026-08-31 14:54:23.956882,CC-01,2.77,66.3,153.6,102.9,0
2026-08-31 15:54:23.956882,CC-01,2.16,64.6,149.9,103.3,0
2026-08-31 16:54:23.956882,CC-01,1.46,64.0,144.2,95.3,0
2026-08-31 17:54:23.956882,CC-01,1.79,65.7,130.4,95.1,0
2026-08-31 18:54:23.956882,CC-01,1.98,60.7,144.2,95.4,0
2026-08-31 19:54:23.956882,CC-01,2.08,70.8,140.3,99.4,0
2026-08-31 20:54:23.956882,CC-01,1.61,64.7,154.7,98.9,0
2026-08-31 21:54:23.956882,CC-01,1.96,64.6,159.1,95.2,0
2026-08-31 22:54:23.956882,CC-01,1.78,62.1,159.4,101.3,0
2026-08-31 23:54:23.956882,CC-01,1.67,65.1,157.6,111.3,0
2026-09-01 00:54:23.956882,CC-01,2.08,69.2,148.7,97.5,0
2026-09-01 01:54:23.956882,CC-01,2.23,68.1,144.8,97.8,0
2026-09-01 02:54:23.956882,CC-01,2.25,67.6,142.5,102.8,0
2026-09-01 03:54:23.956882,CC-01,2.17,66.6,134.9,97.2,0
2026-09-01 04:54:23.956882,CC-01,1.85,63.9,159.9,103.3,0
2026-09-01 05:54:23.956882,CC-01,2.21,60.6,148.3,96.4,0
2026-09-01 06:54:23.956882,CC-01,2.09,64.4,137.5,109.2,0
2026-09-01 07:54:23.956882,CC-01,2.04,64.3,141.7,101.7,0
2026-09-01 08:54:23.956882,CC-01,1.82,68.1,141.3,96.9,0
2026-09-01 09:54:23.956882,CC-01,1.85,65.9,150.4,97.1,0
2026-09-01 10:54:23.956882,CC-01,2.02,69.8,160.7,97.4,0
2026-09-01 11:54:23.956882,CC-01,2.73,68.6,146.5,106.9,0
2026-09-01 12:54:23.956882,CC-01,2.09,63.6,127.5,93.7,0
2026-09-01 13:54:23.956882,CC-01,1.82,59.6,148.1,96.7,0
2026-09-01 14:54:23.956882,CC-01,1.75,69.2,148.4,97.2,0
2026-09-01 15:54:23.956882,CC-01,1.85,69.1,147.8,99.9,0
2026-09-01 16:54:23.956882,CC-01,2.65,60.9,143.7,98.6,0
2026-09-01 17:54:23.956882,CC-01,1.88,69.5,152.2,92.5,0
2026-09-01 18:54:23.956882,CC-01,2.27,66.1,150.7,98.0,0
2026-09-01 19:54:23.956882,CC-01,1.89,65.5,149.8,99.5,0
2026-09-01 20:54:23.956882,CC-01,2.08,69.8,154.1,96.9,0
2026-09-01 21:54:23.956882,CC-01,2.24,69.0,145.7,103.4,0
2026-09-01 22:54:23.956882,CC-01,1.83,67.0,145.1,104.6,0
2026-09-01 23:54:23.956882,CC-01,1.81,66.4,163.8,99.6,0
2026-09-02 00:54:23.956882,CC-01,2.5,66.8,155.6,101.2,0
2026-09-02 01:54:23.956882,CC-01,2.3,63.8,158.3,89.2,0
2026-09-02 02:54:23.956882,CC-01,2.24,64.8,162.3,97.9,0
2026-09-02 03:54:23.956882,CC-01,2.24,62.3,155.3,105.0,0
2026-09-02 04:54:23.956882,CC-01,2.14,64.0,159.3,97.9,0
2026-09-02 05:54:23.956882,CC-01,2.61,63.9,134.2,96.3,0
2026-09-02 06:54:23.956882,CC-01,2.01,63.1,152.0,111.4,0
2026-09-02 07:54:23.956882,CC-01,2.17,65.4,148.2,109.1,0
2026-09-02 08:54:23.956882,CC-01,1.56,64.0,166.8,102.3,0
2026-09-02 09:54:23.956882,CC-01,1.75,66.5,159.3,105.7,0
2026-09-02 10:54:23.956882,CC-01,1.64,60.1,143.7,88.9,0
2026-09-02 11:54:23.956882,CC-01,2.38,64.7,153.7,96.1,0
2026-09-02 12:54:23.956882,CC-01,1.23,65.4,151.7,97.7,0
2026-09-02 13:54:23.956882,CC-01,1.88,64.1,154.5,98.8,0
2026-09-02 14:54:23.956882,CC-01,1.1,64.5,139.8,97.6,0
2026-09-02 15:54:23.956882,CC-01,1.75,60.2,153.6,87.2,0
2026-09-02 16:54:23.956882,CC-01,1.85,66.1,147.7,101.9,0
2026-09-02 17:54:23.956882,CC-01,2.42,66.9,152.8,102.7,0
2026-09-02 18:54:23.956882,CC-01,2.12,66.5,142.8,108.0,0
2026-09-02 19:54:23.956882,CC-01,1.75,68.1,144.1,96.1,0
2026-09-02 20:54:23.956882,CC-01,2.32,65.6,161.7,95.6,0
2026-09-02 21:54:23.956882,CC-01,2.01,66.4,139.5,86.6,0
2026-09-02 22:54:23.956882,CC-01,2.01,65.5,140.2,98.5,0
2026-09-02 23:54:23.956882,CC-01,1.64,67.1,149.5,104.5,0
2026-09-03 00:54:23.956882,CC-01,1.7,60.3,142.3,96.9,0
2026-09-03 01:54:23.956882,CC-01,1.75,62.3,141.1,110.7,0
2026-09-03 02:54:23.956882,CC-01,2.01,69.8,151.1,98.7,0
2026-09-03 03:54:23.956882,CC-01,2.02,57.6,134.9,100.7,0
2026-09-03 04:54:23.956882,CC-01,2.46,64.6,139.9,93.2,0
2026-09-03 05:54:23.956882,CC-01,2.12,68.5,170.5,101.4,0
2026-09-03 06:54:23.956882,CC-01,1.19,64.7,154.6,90.1,0
2026-09-03 07:54:23.956882,CC-01,2.08,63.8,142.5,103.5,0
2026-09-03 08:54:23.956882,CC-01,1.56,65.4,154.2,103.6,0
2026-09-03 09:54:23.956882,CC-01,1.71,63.9,155.7,106.8,0
2026-09-03 10:54:23.956882,CC-01,1.76,65.1,159.9,94.9,0
2026-09-03 11:54:23.956882,CC-01,1.8,62.9,148.7,100.8,0
2026-09-03 12:54:23.956882,CC-01,1.59,68.3,159.8,102.8,0
2026-09-03 13:54:23.956882,CC-01,2.06,69.3,129.6,102.2,0
2026-09-03 14:54:23.956882,CC-01,1.58,64.6,139.4,95.7,0
2026-09-03 15:54:23.956882,CC-01,2.11,60.8,151.6,88.0,0
2026-09-03 16:54:23.956882,CC-01,2.67,63.4,153.3,101.7,0
2026-09-03 17:54:23.956882,CC-01,1.6,64.4,140.9,99.2,0
2026-09-03 18:54:23.956882,CC-01,1.91,66.5,152.6,97.2,0
2026-09-03 19:54:23.956882,CC-01,1.24,62.0,143.8,103.8,0
2026-09-03 20:54:23.956882,CC-01,1.91,62.7,147.2,99.8,0
2026-09-03 21:54:23.956882,CC-01,2.19,66.5,160.2,93.4,0
2026-09-03 22:54:23.956882,CC-01,2.22,67.8,159.1,90.3,0
2026-09-03 23:54:23.956882,CC-01,2.02,63.1,140.0,94.4,0
2026-09-04 00:54:23.956882,CC-01,2.27,61.0,139.4,112.0,0
2026-09-04 01:54:23.956882,CC-01,2.76,74.9,145.9,103.6,0
2026-09-04 02:54:23.956882,CC-01,2.51,67.3,149.7,100.9,0
2026-09-04 03:54:23.956882,CC-01,1.84,64.2,143.4,99.1,0
2026-09-04 04:54:23.956882,CC-01,1.56,67.6,160.4,98.8,0
2026-09-04 05:54:23.956882,CC-01,1.88,64.6,153.5,105.8,0
2026-09-04 06:54:23.956882,CC-01,1.72,67.6,154.1,97.5,0
2026-09-04 07:54:23.956882,CC-01,2.14,65.5,137.3,102.9,0
2026-09-04 08:54:23.956882,CC-01,1.65,65.3,161.7,98.3,0
2026-09-04 09:54:23.956882,CC-01,1.98,64.7,121.8,109.7,0
2026-09-04 10:54:23.956882,CC-01,2.25,60.7,158.3,103.7,0
2026-09-04 11:54:23.956882,CC-01,1.97,70.8,159.3,106.2,0
2026-09-04 12:54:23.956882,CC-01,1.72,62.2,145.7,97.1,0
2026-09-04 13:54:23.956882,CC-01,2.35,60.9,162.7,105.3,0
2026-09-04 14:54:23.956882,CC-01,1.44,64.4,149.4,98.4,0
2026-09-04 15:54:23.956882,CC-01,1.9,62.1,150.6,100.6,0
2026-09-04 16:54:23.956882,CC-01,1.99,64.8,153.4,108.2,0
2026-09-04 17:54:23.956882,CC-01,2.0,67.1,181.9,94.8,0
2026-09-04 18:54:23.956882,CC-01,2.05,68.0,163.4,101.0,0
2026-09-04 19:54:23.956882,CC-01,2.18,67.4,157.0,102.2,0
2026-09-04 20:54:23.956882,CC-01,1.99,64.1,140.9,102.6,0
2026-09-04 21:54:23.956882,CC-01,1.89,65.1,151.4,97.7,0
2026-09-04 22:54:23.956882,CC-01,1.88,66.2,141.9,110.4,0
2026-09-04 23:54:23.956882,CC-01,1.82,59.7,158.2,93.5,0
2026-09-05 00:54:23.956882,CC-01,2.24,66.7,151.4,107.3,0
2026-09-05 01:54:23.956882,CC-01,1.81,60.6,138.8,106.1,0
2026-09-05 02:54:23.956882,CC-01,2.25,71.1,150.8,109.5,0
2026-09-05 03:54:23.956882,CC-01,2.01,63.8,141.5,92.1,0
2026-09-05 04:54:23.956882,CC-01,1.84,64.4,151.5,95.7,0
2026-09-05 05:54:23.956882,CC-01,2.19,62.7,141.4,107.5,0
2026-09-05 06:54:23.956882,CC-01,1.78,63.1,150.3,90.6,0
2026-09-05 07:54:23.956882,CC-01,2.19,71.8,157.5,92.0,0
2026-09-05 08:54:23.956882,CC-01,2.06,67.8,149.5,97.6,0
2026-09-05 09:54:23.956882,CC-01,1.82,60.4,146.1,101.0,0
2026-09-05 10:54:23.956882,CC-01,2.16,69.5,152.0,108.0,0
2026-09-05 11:54:23.956882,CC-01,2.16,68.6,157.0,99.1,0
2026-09-05 12:54:23.956882,CC-01,2.35,64.2,138.9,97.0,0
2026-09-05 13:54:23.956882,CC-01,2.29,65.9,152.6,101.6,0
2026-09-05 14:54:23.956882,CC-01,2.15,65.0,163.2,102.3,0
2026-09-05 15:54:23.956882,CC-01,1.66,70.9,155.7,102.2,0
2026-09-05 16:54:23.956882,CC-01,2.73,62.6,150.6,99.1,0
2026-09-05 17:54:23.956882,CC-01,1.58,65.4,156.4,90.2,0
2026-09-05 18:54:23.956882,CC-01,2.28,63.7,154.5,95.4,0
2026-09-05 19:54:23.956882,CC-01,2.13,60.7,157.5,107.1,0
2026-09-05 20:54:23.956882,CC-01,1.65,71.6,129.8,100.9,0
2026-09-05 21:54:23.956882,CC-01,1.96,61.5,134.5,98.4,0
2026-09-05 22:54:23.956882,CC-01,1.98,65.7,160.0,105.6,0
2026-09-05 23:54:23.956882,CC-01,2.39,59.8,134.9,94.3,0
2026-09-06 00:54:23.956882,CC-01,1.79,63.8,154.0,98.9,0
2026-09-06 01:54:23.956882,CC-01,1.92,66.3,146.5,100.7,0
2026-09-06 02:54:23.956882,CC-01,1.3,62.5,140.0,97.8,0
2026-09-06 03:54:23.956882,CC-01,2.52,66.8,153.5,100.5,0
2026-09-06 04:54:23.956882,CC-01,1.68,64.2,152.0,99.1,0
2026-09-06 05:54:23.956882,CC-01,2.1,68.5,171.1,93.0,0
2026-09-06 06:54:23.956882,CC-01,1.97,69.1,143.8,100.9,0
2026-09-06 07:54:23.956882,CC-01,1.97,63.2,164.4,93.4,0
2026-09-06 08:54:23.956882,CC-01,2.24,65.2,153.5,100.8,0
2026-09-06 09:54:23.956882,CC-01,2.5,65.6,143.4,106.9,0
2026-09-06 10:54:23.956882,CC-01,2.08,66.9,158.0,98.6,0
2026-09-06 11:54:23.956882,CC-01,2.2,65.0,155.7,94.1,0
2026-09-06 12:54:23.956882,CC-01,2.1,65.6,150.4,99.4,0
2026-09-06 13:54:23.956882,CC-01,2.31,64.3,152.7,95.8,0
2026-09-06 14:54:23.956882,CC-01,1.86,65.3,144.0,103.0,0
2026-09-06 15:54:23.956882,CC-01,2.32,68.9,141.7,99.3,0
2026-09-06 16:54:23.956882,CC-01,2.33,66.9,157.6,108.5,0
2026-09-06 17:54:23.956882,CC-01,2.32,67.1,147.8,105.8,0
2026-09-06 18:54:23.956882,CC-01,1.8,67.2,149.2,99.2,0
2026-09-06 19:54:23.956882,CC-01,1.95,64.5,152.8,103.6,0
2026-09-06 20:54:23.956882,CC-01,2.07,66.0,152.7,98.0,0
2026-09-06 21:54:23.956882,CC-01,1.59,61.7,135.7,100.2,0
2026-09-06 22:54:23.956882,CC-01,2.48,68.8,162.9,98.2,0
2026-09-06 23:54:23.956882,CC-01,2.0,56.7,151.2,103.8,0
2026-09-07 00:54:23.956882,CC-01,2.09,64.7,148.0,107.2,0
2026-09-07 01:54:23.956882,CC-01,1.83,68.4,154.3,104.0,0
2026-09-07 02:54:23.956882,CC-01,1.6,60.9,152.4,104.6,0
2026-09-07 03:54:23.956882,CC-01,1.82,66.2,157.7,104.6,0
2026-09-07 04:54:23.956882,CC-01,2.07,63.0,155.4,102.8,0
2026-09-07 05:54:23.956882,CC-01,2.2,63.9,157.2,94.3,0
2026-09-07 06:54:23.956882,CC-01,2.05,67.8,163.5,108.5,0
2026-09-07 07:54:23.956882,CC-01,2.1,65.6,158.8,109.0,0
2026-09-07 08:54:23.956882,CC-01,1.9,58.9,148.4,98.8,0
2026-09-07 09:54:23.956882,CC-01,2.15,62.1,138.8,98.1,0
2026-09-07 10:54:23.956882,CC-01,2.44,67.9,166.7,103.1,0
2026-09-07 11:54:23.956882,CC-01,2.21,66.3,147.6,102.8,0
2026-09-07 12:54:23.956882,CC-01,2.24,70.2,145.3,99.0,0
2026-09-07 13:54:23.956882,CC-01,2.09,70.0,132.6,93.7,0
2026-09-07 14:54:23.956882,CC-01,1.55,64.0,153.4,101.5,0
2026-09-07 15:54:23.956882,CC-01,1.69,72.5,151.5,102.8,0
2026-09-07 16:54:23.956882,CC-01,2.14,65.1,134.8,103.6,0
2026-09-07 17:54:23.956882,CC-01,2.0,62.1,154.5,101.7,0
2026-09-07 18:54:23.956882,CC-01,2.13,63.1,145.0,98.6,0
2026-09-07 19:54:23.956882,CC-01,2.5,58.2,176.9,105.0,0
2026-09-07 20:54:23.956882,CC-01,2.22,69.8,144.3,100.3,0
2026-09-07 21:54:23.956882,CC-01,2.38,69.8,145.6,97.7,0
2026-09-07 22:54:23.956882,CC-01,2.03,62.0,141.3,99.1,0
2026-09-07 23:54:23.956882,CC-01,1.76,64.3,162.8,91.3,0
2026-09-08 00:54:23.956882,CC-01,1.98,65.3,146.3,99.1,0
2026-09-08 01:54:23.956882,CC-01,1.76,62.1,142.8,103.4,0
2026-09-08 02:54:23.956882,CC-01,2.47,59.7,157.1,101.7,0
2026-09-08 03:54:23.956882,CC-01,2.24,64.4,136.2,107.6,0
2026-09-08 04:54:23.956882,CC-01,2.16,64.0,156.3,98.7,0
2026-09-08 05:54:23.956882,CC-01,2.37,63.8,167.8,102.4,0
2026-09-08 06:54:23.956882,CC-01,1.39,65.7,155.7,104.0,0
2026-09-08 07:54:23.956882,CC-01,2.18,69.3,156.4,111.7,0
2026-09-08 08:54:23.956882,CC-01,1.61,64.1,158.7,100.7,0
2026-09-08 09:54:23.956882,CC-01,2.0,65.5,167.1,94.8,0
2026-09-08 10:54:23.956882,CC-01,1.91,67.2,162.1,104.2,0
2026-09-08 11:54:23.956882,CC-01,2.2,66.7,154.4,109.3,0
2026-09-08 12:54:23.956882,CC-01,2.07,63.2,159.0,98.4,0
2026-09-08 13:54:23.956882,CC-01,2.4,65.3,141.1,104.2,0
2026-09-08 14:54:23.956882,CC-01,1.82,66.6,157.8,106.1,0
2026-09-08 15:54:23.956882,CC-01,2.21,61.6,139.9,105.1,0
2026-09-08 16:54:23.956882,CC-01,2.05,68.8,146.3,100.6,0
2026-09-08 17:54:23.956882,CC-01,1.51,69.3,119.2,96.5,0
2026-09-08 18:54:23.956882,CC-01,1.72,62.8,154.0,99.6,0
2026-09-08 19:54:23.956882,CC-01,1.96,65.6,143.6,102.3,0
2026-09-08 20:54:23.956882,CC-01,2.33,66.9,161.1,104.5,0
2026-09-08 21:54:23.956882,CC-01,2.14,63.4,153.9,101.7,0
2026-09-08 22:54:23.956882,CC-01,1.65,66.4,161.2,98.1,0
2026-09-08 23:54:23.956882,CC-01,1.96,65.5,139.2,102.8,0
2026-09-09 00:54:23.956882,CC-01,2.61,60.6,160.4,104.3,0
2026-09-09 01:54:23.956882,CC-01,2.03,66.4,171.1,101.9,0
2026-09-09 02:54:23.956882,CC-01,1.9,61.7,157.6,95.8,0
2026-09-09 03:54:23.956882,CC-01,2.15,67.8,157.9,99.1,0
2026-09-09 04:54:23.956882,CC-01,2.23,63.0,151.7,104.7,0
2026-09-09 05:54:23.956882,CC-01,1.86,64.5,144.8,93.1,0
2026-09-09 06:54:23.956882,CC-01,2.15,69.1,157.6,89.5,0
2026-09-09 07:54:23.956882,CC-01,1.9,66.5,134.9,107.5,0
2026-09-09 08:54:23.956882,CC-01,2.22,61.8,145.8,102.6,0
2026-09-09 09:54:23.956882,CC-01,2.05,62.0,132.3,103.0,0
2026-09-09 10:54:23.956882,CC-01,2.14,63.2,143.0,94.6,0
2026-09-09 11:54:23.956882,CC-01,1.77,66.2,156.4,103.7,0
2026-09-09 12:54:23.956882,CC-01,1.75,66.1,155.1,101.4,0
2026-09-09 13:54:23.956882,CC-01,2.28,62.5,150.5,92.1,0
2026-09-09 14:54:23.956882,CC-01,1.98,61.5,151.7,107.1,0
2026-09-09 15:54:23.956882,CC-01,2.09,65.8,131.1,100.8,0
2026-09-09 16:54:23.956882,CC-01,1.91,64.5,146.3,98.0,0
2026-09-09 17:54:23.956882,CC-01,2.27,71.5,143.2,98.1,0
2026-09-09 18:54:23.956882,CC-01,1.82,65.1,143.4,89.9,0
2026-09-09 19:54:23.956882,CC-01,1.96,70.4,156.0,103.0,0
2026-09-09 20:54:23.956882,CC-01,2.24,61.5,141.4,101.3,0
2026-09-09 21:54:23.956882,CC-01,2.35,60.3,144.0,99.0,0
2026-09-09 22:54:23.956882,CC-01,1.84,61.6,129.1,106.4,0
2026-09-09 23:54:23.956882,CC-01,2.59,68.6,147.1,93.1,0
2026-09-10 00:54:23.956882,CC-01,2.09,70.3,139.1,97.0,0
2026-09-10 01:54:23.956882,CC-01,1.69,62.7,150.8,95.7,0
2026-09-10 02:54:23.956882,CC-01,2.11,63.6,140.5,98.6,0
2026-09-10 03:54:23.956882,CC-01,1.89,61.5,151.0,100.3,0
2026-09-10 04:54:23.956882,CC-01,2.13,59.6,148.6,102.2,0
2026-09-10 05:54:23.956882,CC-01,1.99,67.2,166.7,98.3,0
2026-09-10 06:54:23.956882,CC-01,2.02,65.7,155.0,95.6,0
2026-09-10 07:54:23.956882,CC-01,1.73,65.0,131.6,108.4,0
2026-09-10 08:54:23.956882,CC-01,2.3,60.8,137.4,112.1,0
2026-09-10 09:54:23.956882,CC-01,1.65,69.9,150.6,100.7,0
2026-09-10 10:54:23.956882,CC-01,1.67,63.5,140.7,96.2,0
2026-09-10 11:54:23.956882,CC-01,2.11,66.6,120.3,107.4,0
2026-09-10 12:54:23.956882,CC-01,2.48,60.6,163.5,92.8,0
2026-09-10 13:54:23.956882,CC-01,1.89,64.4,157.2,98.3,0
2026-09-10 14:54:23.956882,CC-01,2.21,65.9,155.2,96.5,0
2026-09-10 15:54:23.956882,CC-01,2.32,66.0,143.9,94.2,0
2026-09-10 16:54:23.956882,CC-01,2.24,65.5,154.3,98.6,0
2026-09-10 17:54:23.956882,CC-01,1.91,66.5,143.0,95.7,0
2026-09-10 18:54:23.956882,CC-01,1.67,61.6,152.0,100.1,0
2026-09-10 19:54:23.956882,CC-01,1.34,65.6,140.8,100.1,0
2026-09-10 20:54:23.956882,CC-01,1.92,65.3,165.2,96.9,0
2026-09-10 21:54:23.956882,CC-01,2.35,65.7,134.3,98.1,0
2026-09-10 22:54:23.956882,CC-01,1.66,65.2,162.3,98.8,0
2026-09-10 23:54:23.956882,CC-01,2.21,61.2,150.4,104.0,0
2026-09-11 00:54:23.956882,CC-01,1.71,61.0,145.1,99.3,0
2026-09-11 01:54:23.956882,CC-01,2.03,58.4,151.7,104.1,0
2026-09-11 02:54:23.956882,CC-01,2.21,67.5,157.3,102.9,0
2026-09-11 03:54:23.956882,CC-01,1.8,67.5,163.7,102.9,0
2026-09-11 04:54:23.956882,CC-01,2.05,67.5,153.1,106.9,0
2026-09-11 05:54:23.956882,CC-01,1.88,65.9,141.1,94.4,0
2026-09-11 06:54:23.956882,CC-01,2.21,58.6,150.6,97.6,0
2026-09-11 07:54:23.956882,CC-01,2.07,61.9,168.2,108.8,0
2026-09-11 08:54:23.956882,CC-01,2.02,65.5,163.5,98.7,0
2026-09-11 09:54:23.956882,CC-01,2.47,65.4,159.1,85.9,0
2026-09-11 10:54:23.956882,CC-01,2.2,64.3,158.0,99.0,0
2026-09-11 11:54:23.956882,CC-01,1.79,66.1,157.0,100.7,0
2026-09-11 12:54:23.956882,CC-01,1.97,65.0,161.6,86.9,0
2026-09-11 13:54:23.956882,CC-01,1.98,65.4,145.4,106.7,0
2026-09-11 14:54:23.956882,CC-01,2.02,63.1,136.4,96.4,0
2026-09-11 15:54:23.956882,CC-01,2.76,67.9,150.7,101.6,0
2026-09-11 16:54:23.956882,CC-01,2.11,63.7,141.8,98.9,0
2026-09-11 17:54:23.956882,CC-01,1.39,61.0,139.4,93.6,0
2026-09-11 18:54:23.956882,CC-01,1.84,62.7,142.8,94.6,0
2026-09-11 19:54:23.956882,CC-01,1.42,64.0,174.9,95.3,0
2026-09-11 20:54:23.956882,CC-01,1.9,68.0,151.4,105.4,0
2026-09-11 21:54:23.956882,CC-01,1.4,64.9,153.6,99.3,0
2026-09-11 22:54:23.956882,CC-01,1.74,64.4,137.8,97.4,0
2026-09-11 23:54:23.956882,CC-01,1.54,61.3,131.6,95.3,0
2026-09-12 00:54:23.956882,CC-01,2.12,67.4,141.8,106.0,0
2026-09-12 01:54:23.956882,CC-01,2.0,63.0,164.4,107.3,0
2026-09-12 02:54:23.956882,CC-01,2.09,64.7,153.3,105.9,0
2026-09-12 03:54:23.956882,CC-01,1.97,69.4,156.0,102.5,0
2026-09-12 04:54:23.956882,CC-01,1.58,66.5,157.4,101.4,0
2026-09-12 05:54:23.956882,CC-01,2.15,60.1,144.1,93.9,0
2026-09-12 06:54:23.956882,CC-01,2.58,59.7,163.9,98.8,0
2026-09-12 07:54:23.956882,CC-01,2.12,64.8,143.7,96.6,0
2026-09-12 08:54:23.956882,CC-01,1.87,61.4,164.1,90.9,0
2026-09-12 09:54:23.956882,CC-01,1.57,66.9,154.4,105.3,0
2026-09-12 10:54:23.956882,CC-01,1.73,65.1,132.1,96.5,0
2026-09-12 11:54:23.956882,CC-01,2.14,65.5,142.5,106.0,0
2026-09-12 12:54:23.956882,CC-01,2.32,62.9,132.2,104.4,0
2026-09-12 13:54:23.956882,CC-01,2.08,70.2,161.6,102.8,0
2026-09-12 14:54:23.956882,CC-01,2.24,73.5,149.8,103.1,0
2026-09-12 15:54:23.956882,CC-01,2.21,64.2,127.7,96.9,0
2026-09-12 16:54:23.956882,CC-01,2.15,66.1,153.8,109.3,0
2026-09-12 17:54:23.956882,CC-01,1.8,65.3,144.6,100.2,0
2026-09-12 18:54:23.956882,CC-01,2.05,64.2,135.2,101.5,0
2026-09-12 19:54:23.956882,CC-01,1.75,62.5,166.8,96.8,0
2026-09-12 20:54:23.956882,CC-01,2.01,61.7,151.1,95.3,0
2026-09-12 21:54:23.956882,CC-01,2.1,61.6,147.1,102.4,0
2026-09-12 22:54:23.956882,CC-01,2.5,66.2,146.0,101.1,0
2026-09-12 23:54:23.956882,CC-01,1.61,63.4,134.9,96.1,0
2026-09-13 00:54:23.956882,CC-01,2.14,57.3,137.0,92.8,0
2026-09-13 01:54:23.956882,CC-01,2.44,66.3,162.8,93.7,0
2026-09-13 02:54:23.956882,CC-01,2.23,64.9,145.3,106.0,0
2026-09-13 03:54:23.956882,CC-01,2.25,69.0,150.2,96.9,0
2026-09-13 04:54:23.956882,CC-01,2.18,66.1,129.6,98.3,0
2026-09-13 05:54:23.956882,CC-01,2.39,60.6,136.8,107.3,0
2026-09-13 06:54:23.956882,CC-01,1.67,58.3,156.1,94.4,0
2026-09-13 07:54:23.956882,CC-01,1.58,62.8,153.8,96.4,0
2026-09-13 08:54:23.956882,CC-01,2.0,63.1,167.5,96.2,0
2026-09-13 09:54:23.956882,CC-01,1.35,67.8,163.4,108.1,0
2026-09-13 10:54:23.956882,CC-01,2.37,65.0,147.7,110.0,0
2026-09-13 11:54:23.956882,CC-01,2.37,68.4,154.7,103.8,0
2026-09-13 12:54:23.956882,CC-01,1.87,61.0,146.8,103.9,0
2026-09-13 13:54:23.956882,CC-01,1.89,67.9,170.5,97.1,0
2026-09-13 14:54:23.956882,CC-01,1.98,67.2,161.5,109.7,0
2026-09-13 15:54:23.956882,CC-01,2.02,58.9,151.7,101.3,0
2026-09-13 16:54:23.956882,CC-01,2.04,69.0,152.0,104.3,0
2026-09-13 17:54:23.956882,CC-01,2.17,65.3,164.4,99.5,0
2026-09-13 18:54:23.956882,CC-01,1.95,66.2,155.8,98.7,0
2026-09-13 19:54:23.956882,CC-01,2.28,62.4,165.6,108.3,0
2026-09-13 20:54:23.956882,CC-01,2.13,68.8,128.1,102.7,0
2026-09-13 21:54:23.956882,CC-01,1.82,61.4,154.6,107.3,0
2026-09-13 22:54:23.956882,CC-01,2.4,67.5,144.8,101.3,0
2026-09-13 23:54:23.956882,CC-01,1.59,67.5,167.6,95.8,0
2026-09-14 00:54:23.956882,CC-01,1.97,62.1,165.5,97.1,0
2026-09-14 01:54:23.956882,CC-01,2.29,71.0,150.3,100.5,0
2026-09-14 02:54:23.956882,CC-01,1.78,65.7,165.4,96.9,0
2026-09-14 03:54:23.956882,CC-01,2.09,67.0,167.8,94.5,0
2026-09-14 04:54:23.956882,CC-01,2.16,60.4,150.7,106.0,0
2026-09-14 05:54:23.956882,CC-01,1.74,71.4,174.7,97.3,0
2026-09-14 06:54:23.956882,CC-01,1.98,61.3,149.7,100.7,0
2026-09-14 07:54:23.956882,CC-01,1.95,68.1,147.9,101.5,0
2026-09-14 08:54:23.956882,CC-01,1.83,62.0,158.7,97.1,0
2026-09-14 09:54:23.956882,CC-01,2.69,63.1,146.5,107.3,0
2026-09-14 10:54:23.956882,CC-01,1.77,67.4,150.9,94.4,0
2026-09-14 11:54:23.956882,CC-01,2.3,68.1,164.1,101.3,0
2026-09-14 12:54:23.956882,CC-01,1.88,61.2,150.2,101.2,0
2026-09-14 13:54:23.956882,CC-01,1.67,68.3,133.0,99.7,0
2026-09-14 14:54:23.956882,CC-01,2.03,68.1,153.7,93.5,0
2026-09-14 15:54:23.956882,CC-01,2.19,62.2,143.0,104.4,0
2026-09-14 16:54:23.956882,CC-01,2.28,69.8,158.7,103.7,0
2026-09-14 17:54:23.956882,CC-01,2.47,60.6,157.0,96.6,0
2026-09-14 18:54:23.956882,CC-01,2.88,63.1,164.7,103.5,0
2026-09-14 19:54:23.956882,CC-01,2.08,66.4,159.1,101.9,0
2026-09-14 20:54:23.956882,CC-01,1.8,62.4,160.9,93.6,0
2026-09-14 21:54:23.956882,CC-01,2.14,65.8,143.3,95.7,0
2026-09-14 22:54:23.956882,CC-01,1.92,65.7,158.0,105.7,0
2026-09-14 23:54:23.956882,CC-01,2.28,64.4,169.7,101.5,0
2026-09-15 00:54:23.956882,CC-01,1.61,67.5,143.1,97.2,0
2026-09-15 01:54:23.956882,CC-01,2.71,64.3,168.0,95.7,0
2026-09-15 02:54:23.956882,CC-01,2.26,65.7,144.5,97.4,0
2026-09-15 03:54:23.956882,CC-01,1.49,68.4,141.5,97.8,0
2026-09-15 04:54:23.956882,CC-01,1.79,67.4,153.0,95.8,0
2026-09-15 05:54:23.956882,CC-01,2.24,67.4,157.2,91.3,0
2026-09-15 06:54:23.956882,CC-01,2.35,61.6,159.1,105.7,0
2026-09-15 07:54:23.956882,CC-01,1.62,66.6,140.4,104.9,0
2026-09-15 08:54:23.956882,CC-01,2.21,62.4,154.3,93.6,0
2026-09-15 09:54:23.956882,CC-01,1.42,61.2,143.1,100.7,0
2026-09-15 10:54:23.956882,CC-01,1.97,64.8,135.1,95.5,0
2026-09-15 11:54:23.956882,CC-01,2.33,62.3,140.7,98.7,0
2026-09-15 12:54:23.956882,CC-01,1.83,67.4,142.5,98.3,0
2026-09-15 13:54:23.956882,CC-01,1.55,67.4,155.2,97.9,0
2026-09-15 14:54:23.956882,CC-01,2.04,59.3,161.5,110.0,0
2026-09-15 15:54:23.956882,CC-01,1.82,62.5,135.3,97.8,0
2026-09-15 16:54:23.956882,CC-01,2.19,60.6,153.5,96.0,0
2026-09-15 17:54:23.956882,CC-01,1.73,63.6,138.2,96.2,0
2026-09-15 18:54:23.956882,CC-01,1.77,66.4,156.3,105.2,0
2026-09-15 19:54:23.956882,CC-01,1.39,64.3,143.8,91.7,0
2026-09-15 20:54:23.956882,CC-01,2.05,63.2,139.5,96.2,0
2026-09-15 21:54:23.956882,CC-01,1.95,68.9,158.0,107.2,0
2026-09-15 22:54:23.956882,CC-01,1.64,58.1,144.1,101.2,0
2026-09-15 23:54:23.956882,CC-01,2.06,68.7,146.8,101.0,0
2026-09-16 00:54:23.956882,CC-01,2.31,63.4,127.8,110.7,0
2026-09-16 01:54:23.956882,CC-01,1.94,64.8,159.5,101.2,0
2026-09-16 02:54:23.956882,CC-01,2.08,63.4,158.2,96.5,0
2026-09-16 03:54:23.956882,CC-01,2.08,69.6,150.1,98.6,0
2026-09-16 04:54:23.956882,CC-01,1.64,61.3,134.7,94.3,0
2026-09-16 05:54:23.956882,CC-01,2.62,65.0,162.1,106.3,0
2026-09-16 06:54:23.956882,CC-01,1.86,66.6,143.3,102.9,0
2026-09-16 07:54:23.956882,CC-01,2.2,60.2,145.5,105.6,0
2026-09-16 08:54:23.956882,CC-01,2.23,62.2,173.1,106.1,0
2026-09-16 09:54:23.956882,CC-01,1.96,64.6,143.0,97.9,0
2026-09-16 10:54:23.956882,CC-01,2.18,62.3,157.4,95.3,0
2026-09-16 11:54:23.956882,CC-01,2.07,62.6,155.6,99.7,0
2026-09-16 12:54:23.956882,CC-01,1.57,64.0,153.9,95.6,0
2026-09-16 13:54:23.956882,CC-01,1.9,66.9,152.8,100.8,0
2026-09-16 14:54:23.956882,CC-01,1.82,64.0,153.8,105.7,0
2026-09-16 15:54:23.956882,CC-01,1.86,68.2,152.7,99.2,0
2026-09-16 16:54:23.956882,CC-01,1.61,62.0,149.5,100.7,0
2026-09-16 17:54:23.956882,CC-01,2.34,61.2,165.1,99.5,0
2026-09-16 18:54:23.956882,CC-01,2.48,70.8,136.9,104.0,0
2026-09-16 19:54:23.956882,CC-01,2.29,63.0,160.2,96.7,0
2026-09-16 20:54:23.956882,CC-01,2.38,61.1,158.2,89.0,0
2026-09-16 21:54:23.956882,CC-01,1.9,59.8,157.0,102.4,0
2026-09-16 22:54:23.956882,CC-01,1.81,68.2,161.2,104.9,0
2026-09-16 23:54:23.956882,CC-01,1.77,64.0,149.1,102.2,0
2026-09-17 00:54:23.956882,CC-01,2.19,64.2,131.3,96.8,0
2026-09-17 01:54:23.956882,CC-01,2.07,64.5,149.3,94.3,0
2026-09-17 02:54:23.956882,CC-01,1.98,68.0,140.1,102.5,0
2026-09-17 03:54:23.956882,CC-01,2.39,64.5,142.7,100.7,0
2026-09-17 04:54:23.956882,CC-01,2.12,72.0,137.6,99.4,0
2026-09-17 05:54:23.956882,CC-01,1.75,65.4,145.2,109.1,0
2026-09-17 06:54:23.956882,CC-01,1.8,68.2,144.0,95.3,0
2026-09-17 07:54:23.956882,CC-01,2.2,67.4,126.2,108.9,0
2026-09-17 08:54:23.956882,CC-01,2.31,64.9,157.0,100.2,0
2026-09-17 09:54:23.956882,CC-01,2.17,63.2,172.2,90.8,0
2026-09-17 10:54:23.956882,CC-01,2.57,66.0,156.1,99.1,0
2026-09-17 11:54:23.956882,CC-01,2.49,66.5,148.0,104.8,0
2026-09-17 12:54:23.956882,CC-01,2.13,63.3,149.5,98.2,0
2026-09-17 13:54:23.956882,CC-01,1.75,65.5,145.8,92.6,0
2026-09-17 14:54:23.956882,CC-01,1.61,68.7,150.9,99.2,0
2026-09-17 15:54:23.956882,CC-01,1.88,71.2,149.6,95.7,0
2026-09-17 16:54:23.956882,CC-01,2.23,67.6,141.6,102.5,0
2026-09-17 17:54:23.956882,CC-01,2.55,70.6,166.8,103.9,0
2026-09-17 18:54:23.956882,CC-01,2.13,63.1,135.1,94.7,0
2026-09-17 19:54:23.956882,CC-01,2.35,67.1,157.2,96.5,0
2026-09-17 20:54:23.956882,CC-01,1.93,69.0,149.0,103.8,0
2026-09-17 21:54:23.956882,CC-01,2.19,62.3,169.0,95.7,0
2026-09-17 22:54:23.956882,CC-01,2.25,63.5,153.4,94.6,0
2026-09-17 23:54:23.956882,CC-01,1.41,70.2,146.4,94.1,0
2026-09-18 00:54:23.956882,CC-01,1.88,62.1,147.5,101.8,0
2026-09-18 01:54:23.956882,CC-01,2.28,61.0,150.4,101.5,0
2026-09-18 02:54:23.956882,CC-01,2.08,69.6,138.6,96.6,0
2026-09-18 03:54:23.956882,CC-01,1.64,68.6,142.3,100.0,0
2026-09-18 04:54:23.956882,CC-01,1.27,66.3,132.2,107.6,0
2026-09-18 05:54:23.956882,CC-01,1.89,64.9,140.8,95.1,0
2026-09-18 06:54:23.956882,CC-01,1.98,63.7,150.9,90.2,0
2026-09-18 07:54:23.956882,CC-01,1.73,65.8,153.0,102.3,0
2026-09-18 08:54:23.956882,CC-01,2.04,69.7,130.2,99.4,0
2026-09-18 09:54:23.956882,CC-01,2.15,65.7,148.6,96.4,0
2026-09-18 10:54:23.956882,CC-01,2.2,71.5,155.6,103.3,0
2026-09-18 11:54:23.956882,CC-01,1.29,62.3,148.4,104.2,0
2026-09-18 12:54:23.956882,CC-01,1.61,64.9,143.7,89.0,0
2026-09-18 13:54:23.956882,CC-01,1.91,63.9,145.9,96.7,0
2026-09-18 14:54:23.956882,CC-01,2.17,61.7,144.6,111.6,0
2026-09-18 15:54:23.956882,CC-01,2.15,64.5,143.6,102.9,0
2026-09-18 16:54:23.956882,CC-01,2.14,66.3,151.7,103.4,0
2026-09-18 17:54:23.956882,CC-01,1.88,66.6,173.1,105.9,0
2026-09-18 18:54:23.956882,CC-01,1.9,71.5,142.6,100.1,0
2026-09-18 19:54:23.956882,CC-01,1.78,66.4,146.8,104.0,0
2026-09-18 20:54:23.956882,CC-01,2.23,68.5,149.5,103.6,0
2026-09-18 21:54:23.956882,CC-01,1.72,65.2,143.1,102.7,0
2026-09-18 22:54:23.956882,CC-01,2.26,70.0,161.0,98.4,0
2026-09-18 23:54:23.956882,CC-01,2.06,72.2,126.3,100.9,0
2026-09-19 00:54:23.956882,CC-01,1.99,66.6,144.7,97.1,0
2026-09-19 01:54:23.956882,CC-01,1.8,62.0,158.2,100.1,0
2026-09-19 02:54:23.956882,CC-01,1.59,63.4,147.1,94.2,0
2026-09-19 03:54:23.956882,CC-01,1.81,65.8,141.8,96.0,0
2026-09-19 04:54:23.956882,CC-01,1.9,66.4,154.4,98.6,0
2026-09-19 05:54:23.956882,CC-01,1.29,67.1,159.1,95.3,0
2026-09-19 06:54:23.956882,CC-01,1.94,66.4,152.1,97.5,0
2026-09-19 07:54:23.956882,CC-01,2.28,65.0,142.0,99.2,0
2026-09-19 08:54:23.956882,CC-01,2.17,63.1,154.6,102.0,0
2026-09-19 09:54:23.956882,CC-01,1.85,66.2,146.0,104.7,0
2026-09-19 10:54:23.956882,CC-01,2.01,70.6,157.5,97.7,0
2026-09-19 11:54:23.956882,CC-01,1.83,68.1,164.8,106.7,0
2026-09-19 12:54:23.956882,CC-01,2.04,66.6,123.9,104.7,0
2026-09-19 13:54:23.956882,CC-01,2.46,68.1,151.1,102.5,0
2026-09-19 14:54:23.956882,CC-01,2.29,63.9,132.6,100.8,0
2026-09-19 15:54:23.956882,CC-01,2.16,63.5,174.4,101.6,0
2026-09-19 16:54:23.956882,CC-01,1.85,62.8,145.3,105.9,0
2026-09-19 17:54:23.956882,CC-01,2.22,64.6,157.5,106.1,0
2026-09-19 18:54:23.956882,CC-01,1.49,63.7,149.6,106.7,0
2026-09-19 19:54:23.956882,CC-01,1.92,68.6,142.0,100.2,0
2026-09-19 20:54:23.956882,CC-01,2.18,63.6,140.8,102.8,0
2026-09-19 21:54:23.956882,CC-01,2.22,62.6,165.9,106.7,0
2026-09-19 22:54:23.956882,CC-01,2.2,70.8,159.6,96.9,0
2026-09-19 23:54:23.956882,CC-01,2.09,63.6,169.4,98.4,0
2026-09-20 00:54:23.956882,CC-01,1.94,65.5,150.6,100.1,0
2026-09-20 01:54:23.956882,CC-01,2.16,66.4,152.9,104.5,0
2026-09-20 02:54:23.956882,CC-01,1.71,61.6,147.3,104.6,0
2026-09-20 03:54:23.956882,CC-01,1.75,68.7,147.1,98.8,0
2026-09-20 04:54:23.956882,CC-01,2.02,66.9,139.6,92.5,0
2026-09-20 05:54:23.956882,CC-01,2.05,69.7,150.8,101.2,0
2026-09-20 06:54:23.956882,CC-01,1.45,63.0,142.1,95.4,0
2026-09-20 07:54:23.956882,CC-01,2.14,65.3,154.4,92.6,0
2026-09-20 08:54:23.956882,CC-01,2.23,65.1,151.7,93.7,0
2026-09-20 09:54:23.956882,CC-01,1.98,65.8,152.9,101.6,0
2026-09-20 10:54:23.956882,CC-01,2.71,60.6,166.8,106.8,0
2026-09-20 11:54:23.956882,CC-01,1.8,65.3,149.6,100.2,0
2026-09-20 12:54:23.956882,CC-01,1.89,60.7,157.6,101.1,0
2026-09-20 13:54:23.956882,CC-01,1.88,66.1,170.5,105.9,0
2026-09-20 14:54:23.956882,CC-01,1.98,58.6,163.1,92.3,0
2026-09-20 15:54:23.956882,CC-01,1.9,59.4,161.5,102.6,0
2026-09-20 16:54:23.956882,CC-01,1.58,67.5,146.9,99.9,0
2026-09-20 17:54:23.956882,CC-01,1.84,63.4,152.3,102.8,0
2026-09-20 18:54:23.956882,CC-01,1.97,62.0,136.8,97.6,0
2026-09-20 19:54:23.956882,CC-01,2.37,68.8,155.0,95.9,0
2026-09-20 20:54:23.956882,CC-01,2.66,66.0,152.7,100.7,0
2026-09-20 21:54:23.956882,CC-01,2.4,67.6,150.2,108.2,0
2026-09-20 22:54:23.956882,CC-01,1.77,64.5,160.3,104.3,0
2026-09-20 23:54:23.956882,CC-01,1.79,73.0,137.9,97.5,0
2026-09-21 00:54:23.956882,CC-01,1.95,63.2,166.3,93.3,0
2026-09-21 01:54:23.956882,CC-01,2.54,70.2,159.0,91.6,0
2026-09-21 02:54:23.956882,CC-01,1.95,64.8,149.3,106.6,0
2026-09-21 03:54:23.956882,CC-01,1.6,60.0,148.5,95.2,0
2026-09-21 04:54:23.956882,CC-01,1.85,66.4,154.8,98.4,0
2026-09-21 05:54:23.956882,CC-01,2.23,65.9,165.2,106.6,0
2026-09-21 06:54:23.956882,CC-01,2.21,61.8,151.0,91.9,0
2026-09-21 07:54:23.956882,CC-01,1.94,62.2,151.4,107.5,0
2026-09-21 08:54:23.956882,CC-01,2.21,64.9,150.2,98.7,0
2026-09-21 09:54:23.956882,CC-01,1.32,66.0,167.8,94.3,0
2026-09-21 10:54:23.956882,CC-01,2.03,57.6,146.3,98.8,0
2026-09-21 11:54:23.956882,CC-01,2.26,68.2,149.7,96.4,0
2026-09-21 12:54:23.956882,CC-01,1.75,63.5,164.6,102.2,0
2026-09-21 13:54:23.956882,CC-01,1.75,61.0,151.5,96.8,0
2026-09-21 14:54:23.956882,CC-01,1.44,67.8,161.4,90.4,0
2026-09-21 15:54:23.956882,CC-01,2.48,64.9,140.9,98.9,0
2026-09-21 16:54:23.956882,CC-01,1.78,68.6,147.9,93.2,0
2026-09-21 17:54:23.956882,CC-01,2.07,66.3,164.8,101.0,0
2026-09-21 18:54:23.956882,CC-01,2.18,65.0,143.2,94.1,0
2026-09-21 19:54:23.956882,CC-01,2.45,64.5,148.5,97.6,0
2026-09-21 20:54:23.956882,CC-01,1.95,66.4,152.6,100.9,0
2026-09-21 21:54:23.956882,CC-01,1.84,63.8,140.1,98.9,0
2026-09-21 22:54:23.956882,CC-01,2.05,62.4,145.9,101.3,0
2026-09-21 23:54:23.956882,CC-01,2.39,66.8,151.1,103.4,0
2026-09-22 00:54:23.956882,CC-01,1.95,64.6,150.5,94.2,0
2026-09-22 01:54:23.956882,CC-01,1.71,65.1,162.8,99.7,0
2026-09-22 02:54:23.956882,CC-01,1.54,68.3,165.4,83.4,0
2026-09-22 03:54:23.956882,CC-01,1.63,64.7,141.4,101.2,0
2026-09-22 04:54:23.956882,CC-01,2.26,65.0,151.1,98.5,0
2026-09-22 05:54:23.956882,CC-01,1.9,63.2,156.7,95.1,0
2026-09-22 06:54:23.956882,CC-01,1.82,66.3,165.2,101.6,0
2026-09-22 07:54:23.956882,CC-01,1.79,66.0,157.2,105.9,0
2026-09-22 08:54:23.956882,CC-01,2.03,67.7,152.9,97.6,0
2026-09-22 09:54:23.956882,CC-01,1.93,63.3,156.7,95.3,0
2026-09-22 10:54:23.956882,CC-01,1.92,63.6,156.7,100.8,0
2026-09-22 11:54:23.956882,CC-01,2.4,67.4,140.7,93.3,0
2026-09-22 12:54:23.956882,CC-01,2.46,65.8,151.9,96.7,0
2026-09-22 13:54:23.956882,CC-01,1.52,62.3,164.6,106.1,0
2026-09-22 14:54:23.956882,CC-01,2.1,68.9,147.9,100.3,0
2026-09-22 15:54:23.956882,CC-01,1.77,59.9,151.3,90.6,0
2026-09-22 16:54:23.956882,CC-01,1.93,67.4,147.6,91.0,0
2026-09-22 17:54:23.956882,CC-01,2.09,61.2,126.9,100.8,0
2026-09-22 18:54:23.956882,CC-01,1.94,70.7,150.2,104.3,0
2026-09-22 19:54:23.956882,CC-01,2.07,60.4,153.0,91.9,0
2026-09-22 20:54:23.956882,CC-01,2.2,68.5,144.9,102.2,0
2026-09-22 21:54:23.956882,CC-01,2.09,64.8,138.5,106.7,0
2026-09-22 22:54:23.956882,CC-01,1.81,63.9,141.2,109.4,0
2026-09-22 23:54:23.956882,CC-01,1.81,65.6,157.6,101.7,0
2026-09-23 00:54:23.956882,CC-01,1.57,66.9,169.7,102.5,0
2026-09-23 01:54:23.956882,CC-01,1.74,62.3,163.8,89.3,0
2026-09-23 02:54:23.956882,CC-01,2.59,62.6,136.6,110.5,0
2026-09-23 03:54:23.956882,CC-01,1.76,66.9,158.5,97.1,0
2026-09-23 04:54:23.956882,CC-01,1.64,59.9,143.4,95.3,0
2026-09-23 05:54:23.956882,CC-01,2.1,63.2,144.2,98.7,0
2026-09-23 06:54:23.956882,CC-01,1.97,74.1,145.4,107.6,0
2026-09-23 07:54:23.956882,CC-01,1.94,62.1,157.1,111.0,0
2026-09-23 08:54:23.956882,CC-01,2.42,68.4,159.6,100.6,0
2026-09-23 09:54:23.956882,CC-01,2.16,63.2,149.0,105.0,0
2026-09-23 10:54:23.956882,CC-01,1.84,66.5,149.2,100.2,0
2026-09-23 11:54:23.956882,CC-01,1.87,67.0,154.6,94.8,0
2026-09-23 12:54:23.956882,CC-01,1.85,68.4,155.7,107.4,0
2026-09-23 13:54:23.956882,CC-01,2.26,64.4,161.8,96.9,0
2026-09-23 14:54:23.956882,CC-01,1.91,71.0,137.2,107.7,0
2026-09-23 15:54:23.956882,CC-01,1.46,63.2,150.2,106.5,0
2026-09-23 16:54:23.956882,CC-01,1.99,65.7,139.3,103.1,0
2026-09-23 17:54:23.956882,CC-01,1.54,65.7,149.5,109.1,0
2026-09-23 18:54:23.956882,CC-01,2.66,61.6,147.7,111.2,0
2026-09-23 19:54:23.956882,CC-01,1.71,64.1,149.5,99.1,0
2026-09-23 20:54:23.956882,CC-01,1.95,65.5,142.0,96.0,0
2026-09-23 21:54:23.956882,CC-01,2.08,63.7,135.1,90.7,0
2026-09-23 22:54:23.956882,CC-01,1.91,72.3,129.1,111.2,0
2026-09-23 23:54:23.956882,CC-01,1.91,62.5,148.7,97.8,0
2026-09-24 00:54:23.956882,CC-01,2.13,68.5,145.7,105.7,0
2026-09-24 01:54:23.956882,CC-01,2.46,67.6,143.2,96.3,0
2026-09-24 02:54:23.956882,CC-01,2.23,65.0,163.2,107.7,0
2026-09-24 03:54:23.956882,CC-01,2.44,62.4,141.4,96.5,0
2026-09-24 04:54:23.956882,CC-01,1.69,62.7,164.2,94.0,0
2026-09-24 05:54:23.956882,CC-01,2.1,63.4,166.2,99.0,0
2026-09-24 06:54:23.956882,CC-01,2.05,59.6,130.5,97.3,0
2026-09-24 07:54:23.956882,CC-01,2.11,62.0,150.9,103.0,0
2026-09-24 08:54:23.956882,CC-01,2.41,60.6,146.0,99.7,0
2026-09-24 09:54:23.956882,CC-01,1.93,69.0,120.9,103.1,0
2026-09-24 10:54:23.956882,CC-01,1.88,66.9,135.6,98.5,0
2026-09-24 11:54:23.956882,CC-01,2.16,67.4,157.7,96.7,0
2026-09-24 12:54:23.956882,CC-01,1.47,66.8,170.2,97.1,0
2026-09-24 13:54:23.956882,CC-01,1.93,65.5,159.0,110.2,0
2026-09-24 14:54:23.956882,CC-01,1.96,69.4,153.2,101.1,0
2026-09-24 15:54:23.956882,CC-01,1.72,63.2,149.8,90.1,0
2026-09-24 16:54:23.956882,CC-01,2.32,65.3,166.8,97.4,0
2026-09-24 17:54:23.956882,CC-01,1.68,67.2,171.5,100.5,0
2026-09-24 18:54:23.956882,CC-01,1.96,61.0,144.1,109.2,0
2026-09-24 19:54:23.956882,CC-01,2.09,74.3,130.0,105.1,0
2026-09-24 20:54:23.956882,CC-01,2.41,65.1,129.0,95.4,0
2026-09-24 21:54:23.956882,CC-01,2.0,65.4,163.2,112.1,0
2026-09-24 22:54:23.956882,CC-01,2.28,68.8,149.5,99.8,0
2026-09-24 23:54:23.956882,CC-01,2.21,67.7,151.8,106.2,0
2026-09-25 00:54:23.956882,CC-01,2.04,65.1,132.1,94.2,0
2026-09-25 01:54:23.956882,CC-01,1.67,65.4,142.5,88.0,0
2026-09-25 02:54:23.956882,CC-01,1.57,60.5,147.0,93.0,0
2026-09-25 03:54:23.956882,CC-01,2.03,63.3,152.1,83.7,0
2026-09-25 04:54:23.956882,CC-01,1.84,66.6,146.0,110.6,0
2026-09-25 05:54:23.956882,CC-01,2.28,66.3,139.6,101.1,0
2026-09-25 06:54:23.956882,CC-01,2.22,68.7,142.2,95.4,0
2026-09-25 07:54:23.956882,CC-01,1.94,64.6,162.1,102.3,0
2026-09-25 08:54:23.956882,CC-01,1.65,60.8,152.4,100.9,0
2026-09-25 09:54:23.956882,CC-01,2.15,68.2,156.1,103.1,0
2026-09-25 10:54:23.956882,CC-01,1.69,69.3,141.0,106.0,0
2026-09-25 11:54:23.956882,CC-01,1.77,67.7,120.5,98.6,0
2026-09-25 12:54:23.956882,CC-01,1.71,64.5,144.8,95.6,0
2026-09-25 13:54:23.956882,CC-01,1.96,68.1,141.3,104.1,0
2026-09-25 14:54:23.956882,CC-01,2.35,75.3,153.5,104.0,0
2026-09-25 15:54:23.956882,CC-01,2.0,65.3,182.9,100.5,0
2026-09-25 16:54:23.956882,CC-01,1.87,61.1,157.0,110.9,0
2026-09-25 17:54:23.956882,CC-01,1.54,63.2,177.4,97.8,0
2026-09-25 18:54:23.956882,CC-01,2.17,66.9,155.7,95.5,0
2026-09-25 19:54:23.956882,CC-01,1.77,60.2,143.7,102.1,0
2026-09-25 20:54:23.956882,CC-01,2.04,65.5,153.5,96.6,0
2026-09-25 21:54:23.956882,CC-01,1.89,66.1,167.8,102.5,0
2026-09-25 22:54:23.956882,CC-01,2.25,69.6,168.3,95.8,0
2026-09-25 23:54:23.956882,CC-01,1.95,68.9,144.2,98.0,0
2026-09-26 00:54:23.956882,CC-01,1.98,67.6,152.5,109.5,0
2026-09-26 01:54:23.956882,CC-01,2.15,58.5,135.7,98.0,0
2026-09-26 02:54:23.956882,CC-01,2.63,67.8,158.2,96.0,0
2026-09-26 03:54:23.956882,CC-01,2.27,67.1,165.5,105.9,0
2026-09-26 04:54:23.956882,CC-01,1.97,65.8,150.4,94.7,0
2026-09-26 05:54:23.956882,CC-01,2.0,59.8,143.3,96.5,0
2026-09-26 06:54:23.956882,CC-01,1.84,62.7,153.6,102.9,0
2026-09-26 07:54:23.956882,CC-01,1.72,61.5,154.2,104.7,0
2026-09-26 08:54:23.956882,CC-01,1.83,59.0,150.8,106.1,0
2026-09-26 09:54:23.956882,CC-01,1.77,65.0,151.8,96.3,0
2026-09-26 10:54:23.956882,CC-01,2.2,62.6,148.3,103.0,0
2026-09-26 11:54:23.956882,CC-01,1.68,72.9,160.0,97.7,0
2026-09-26 12:54:23.956882,CC-01,2.4,64.5,157.4,97.0,0
2026-09-26 13:54:23.956882,CC-01,2.23,68.9,140.2,106.0,0
2026-09-26 14:54:23.956882,CC-01,2.01,60.3,139.9,97.3,0
2026-09-26 15:54:23.956882,CC-01,2.0,63.4,147.5,101.4,0
2026-09-26 16:54:23.956882,CC-01,1.83,65.3,157.4,100.8,0
2026-09-26 17:54:23.956882,CC-01,2.08,62.3,151.5,94.6,0
2026-09-26 18:54:23.956882,CC-01,2.33,63.7,143.6,104.8,0
2026-09-26 19:54:23.956882,CC-01,1.79,64.3,152.6,102.8,0
2026-09-26 20:54:23.956882,CC-01,1.54,64.3,146.7,90.1,0
2026-09-26 21:54:23.956882,CC-01,2.21,70.6,158.8,101.4,0
2026-09-26 22:54:23.956882,CC-01,2.1,66.1,153.3,96.1,0
2026-09-26 23:54:23.956882,CC-01,1.66,66.4,146.8,105.5,0
2026-09-27 00:54:23.956882,CC-01,1.78,66.6,152.3,92.8,0
2026-09-27 01:54:23.956882,CC-01,1.74,66.8,163.2,98.2,0
2026-09-27 02:54:23.956882,CC-01,1.78,64.8,144.3,101.8,0
2026-09-27 03:54:23.956882,CC-01,1.9,64.0,154.0,100.3,0
2026-09-27 04:54:23.956882,CC-01,1.92,65.5,149.3,103.8,0
2026-09-27 05:54:23.956882,CC-01,1.8,68.5,154.3,92.4,0
2026-09-27 06:54:23.956882,CC-01,1.77,68.4,143.5,108.3,0
2026-09-27 07:54:23.956882,CC-01,1.93,64.3,151.1,102.6,0
2026-09-27 08:54:23.956882,CC-01,2.05,67.3,161.1,106.8,0
2026-09-27 09:54:23.956882,CC-01,1.91,64.4,140.6,104.4,0
2026-09-27 10:54:23.956882,CC-01,2.35,65.1,136.7,99.9,0
2026-09-27 11:54:23.956882,CC-01,2.15,63.6,137.1,93.6,0
2026-09-27 12:54:23.956882,CC-01,1.52,64.5,138.3,97.2,0
2026-09-27 13:54:23.956882,CC-01,2.16,69.0,156.0,107.9,0
2026-09-27 14:54:23.956882,CC-01,2.18,65.3,135.9,106.9,0
2026-09-27 15:54:23.956882,CC-01,1.87,65.4,147.0,96.9,0
2026-09-27 16:54:23.956882,CC-01,1.55,60.7,156.2,85.9,0
2026-09-27 17:54:23.956882,CC-01,2.0,64.1,154.2,98.9,0
2026-09-27 18:54:23.956882,CC-01,2.0,64.3,146.1,98.6,0
2026-09-27 19:54:23.956882,CC-01,1.66,62.5,151.9,98.8,0
2026-09-27 20:54:23.956882,CC-01,1.56,65.1,151.1,102.6,0
2026-09-27 21:54:23.956882,CC-01,1.97,63.7,147.8,104.4,0
2026-09-27 22:54:23.956882,CC-01,1.93,65.2,147.9,105.0,0
2026-09-27 23:54:23.956882,CC-01,1.87,65.4,172.4,102.2,0
2026-09-28 00:54:23.956882,CC-01,1.97,62.1,158.1,91.0,0
2026-09-28 01:54:23.956882,CC-01,1.67,63.8,174.8,98.3,0
2026-09-28 02:54:23.956882,CC-01,1.87,65.2,145.0,111.5,0
2026-09-28 03:54:23.956882,CC-01,2.16,68.6,149.2,101.9,0
2026-09-28 04:54:23.956882,CC-01,1.9,65.8,136.7,101.8,0
2026-09-28 05:54:23.956882,CC-01,1.5,63.0,141.9,101.8,0
2026-09-28 06:54:23.956882,CC-01,1.86,66.2,169.0,102.1,0
2026-09-28 07:54:23.956882,CC-01,1.68,70.1,144.8,88.1,0
2026-09-28 08:54:23.956882,CC-01,2.08,67.8,169.2,98.8,0
2026-09-28 09:54:23.956882,CC-01,2.1,66.6,137.6,99.8,0
2026-09-28 10:54:23.956882,CC-01,1.5,67.2,139.5,106.4,0
2026-09-28 11:54:23.956882,CC-01,2.23,69.3,146.6,100.2,0
2026-09-28 12:54:23.956882,CC-01,1.67,68.2,149.4,91.8,0
2026-09-28 13:54:23.956882,CC-01,2.47,66.7,228.2,102.2,1
2026-09-28 14:54:23.956882,CC-01,1.99,68.2,233.3,96.0,1
2026-09-28 15:54:23.956882,CC-01,1.63,61.8,223.2,93.9,1
2026-09-28 16:54:23.956882,CC-01,1.66,60.5,213.7,95.8,1
2026-09-28 17:54:23.956882,CC-01,2.1,65.5,214.8,102.7,1
2026-09-28 18:54:23.956882,CC-01,1.88,65.2,220.4,106.3,1
2026-09-28 19:54:23.956882,CC-01,1.97,63.4,223.7,102.4,1
2026-09-28 20:54:23.956882,CC-01,2.48,67.5,217.8,103.2,1
2026-09-28 21:54:23.956882,CC-01,1.79,59.4,220.3,102.4,1
2026-09-28 22:54:23.956882,CC-01,2.02,63.4,197.2,100.5,1
2026-09-28 23:54:23.956882,CC-01,2.43,63.5,230.0,103.5,1
2026-09-29 00:54:23.956882,CC-01,2.08,60.1,222.7,87.9,1
2026-09-29 01:54:23.956882,CC-01,1.52,69.5,235.0,100.6,1
2026-09-29 02:54:23.956882,CC-01,2.15,60.9,220.0,94.8,1
2026-09-29 03:54:23.956882,CC-01,1.65,63.2,193.9,105.8,1
2026-09-29 04:54:23.956882,CC-01,2.42,67.7,214.6,99.3,1
2026-09-29 05:54:23.956882,CC-01,1.75,66.9,217.0,100.2,1
2026-09-29 06:54:23.956882,CC-01,2.89,61.7,231.1,92.5,1
2026-09-29 07:54:23.956882,CC-01,2.44,67.0,188.9,105.1,1
2026-09-29 08:54:23.956882,CC-01,1.76,65.9,220.6,103.1,1
2026-09-29 09:54:23.956882,CC-01,2.01,72.0,227.7,102.8,1
2026-09-29 10:54:23.956882,CC-01,2.23,66.2,210.1,95.9,1
2026-09-29 11:54:23.956882,CC-01,2.24,64.6,221.1,96.1,1
2026-09-29 12:54:23.956882,CC-01,2.13,62.4,210.6,101.1,1
2026-09-29 13:54:23.956882,CC-01,2.38,62.8,209.1,96.5,1
2026-09-29 14:54:23.956882,CC-01,1.96,62.5,213.9,102.2,1
2026-09-29 15:54:23.956882,CC-01,1.89,69.1,209.3,89.2,1
2026-09-29 16:54:23.956882,CC-01,1.9,65.1,230.3,97.6,1
2026-09-29 17:54:23.956882,CC-01,2.26,66.7,209.0,109.0,1
2026-09-29 18:54:23.956882,CC-01,2.11,69.5,206.5,102.2,1
2026-09-29 19:54:23.956882,CC-01,2.09,57.9,246.5,100.8,1
2026-09-29 20:54:23.956882,CC-01,2.24,68.8,234.4,109.9,1
2026-09-29 21:54:23.956882,CC-01,1.38,65.2,192.1,88.3,1
2026-09-29 22:54:23.956882,CC-01,2.09,66.3,208.5,95.9,1
2026-09-29 23:54:23.956882,CC-01,2.07,62.5,223.6,98.0,1
2026-09-30 00:54:23.956882,CC-01,2.5,62.7,224.9,104.3,1
2026-09-30 01:54:23.956882,CC-01,1.54,66.5,197.6,104.4,1
2026-09-30 02:54:23.956882,CC-01,2.47,72.2,237.4,95.7,1
2026-09-30 03:54:23.956882,CC-01,2.02,68.0,232.4,105.0,1
2026-09-30 04:54:23.956882,CC-01,2.15,68.8,227.2,98.0,1
2026-09-30 05:54:23.956882,CC-01,2.5,64.4,240.4,106.1,1
2026-09-30 06:54:23.956882,CC-01,2.17,63.2,226.8,94.8,1
2026-09-30 07:54:23.956882,CC-01,2.12,62.7,226.7,99.4,1
2026-09-30 08:54:23.956882,CC-01,2.07,63.5,243.4,97.5,1
2026-09-30 09:54:23.956882,CC-01,1.85,58.8,236.5,105.3,1
2026-09-30 10:54:23.956882,CC-01,1.99,62.8,207.4,97.4,1
2026-09-30 11:54:23.956882,CC-01,1.79,63.3,229.5,99.8,1
2026-09-30 12:54:23.956882,CC-01,1.99,64.5,210.0,102.5,1
